timestamp,BTC,ETH,SOL,PortfolioEquity
2024-06-05,0.5,0.3,0.2,10000.0
2024-06-06,0.4997660942022785,0.29965094124617503,0.19966950329958902,9990.865387480426
2024-06-07,0.4989973325035632,0.2988463953053624,0.19899073982226173,9968.344676311874
2024-06-08,0.49897589164481804,0.29885978379966516,0.19856236192870427,9963.980373731874
2024-06-09,0.49916538057867793,0.2988252930448897,0.198540051237032,9965.307248605995
2024-06-10,0.4991075444092166,0.2985477557693513,0.1982198175245585,9958.751177031265
2024-06-11,0.4978458093612846,0.29749284410145477,0.19730811008709273,9926.46763549832
2024-06-12,0.4983612141773595,0.2978922678260859,0.19728661386166665,9935.400958651122
2024-06-13,0.4983030171921821,0.29785735381015993,0.19728661386166665,9934.469848640087
2024-06-14,0.49781757838628893,0.29789555803994305,0.19728661386166665,9929.997502878987
2024-06-15,0.4977607456822905,0.29786109427067486,0.19728661386166665,9929.08453814632
2024-06-16,0.4979624624153032,0.2981802198596384,0.19728661386166665,9934.292961366082
2024-06-17,0.49790466196113864,0.2981453344167192,0.19728661386166665,9933.366102395245
2024-06-18,0.49706985444682816,0.2979300288415806,0.19728661386166665,9922.864971500754
2024-06-19,0.49701359163653014,0.29842753197093586,0.19728661386166665,9927.277374691326
2024-06-20,0.49701359163653014,0.2983924222804398,0.19728661386166665,9926.926277786366
2024-06-21,0.49701359163653014,0.2983905944196119,0.19728661386166665,9926.907999178087
2024-06-22,0.49701359163653014,0.2983561288709457,0.19728661386166665,9926.563343691425
2024-06-23,0.49701359163653014,0.29782130222180636,0.19728661386166665,9921.215077200031
2024-06-24,0.49701359163653014,0.2973625624282573,0.19728661386166665,9916.627679264542
2024-06-25,0.49701359163653014,0.2973288985010075,0.19728661386166665,9916.291039992044
2024-06-26,0.49701359163653014,0.29712245476466603,0.19728661386166665,9914.226602628629
2024-06-27,0.49701359163653014,0.29708841888863285,0.19728661386166665,9913.886243868297
2024-06-28,0.49701359163653014,0.296582045385857,0.19728661386166665,9908.822508840538
2024-06-29,0.49701359163653014,0.29654848703309905,0.19728661386166665,9908.486925312958
2024-06-30,0.49701359163653014,0.29654848703309905,0.19728661386166665,9908.486925312958
2024-07-01,0.49701359163653014,0.2965637785817582,0.19728661386166665,9908.63984079955
2024-07-02,0.49701359163653014,0.2965295003615592,0.19728661386166665,9908.29705859756
2024-07-03,0.49701359163653014,0.2956711602726353,0.1959833850353677,9886.681369445332
2024-07-04,0.49701359163653014,0.2956381942562896,0.1959625500017247,9886.143358945445
2024-07-05,0.49701359163653014,0.2956381942562896,0.1959625500017247,9886.143358945445
2024-07-06,0.49701359163653014,0.2956381942562896,0.1959625500017247,9886.143358945445
2024-07-07,0.49701359163653014,0.2956381942562896,0.1959625500017247,9886.143358945445
2024-07-08,0.49701359163653014,0.2956381942562896,0.1959625500017247,9886.143358945445
2024-07-09,0.49701359163653014,0.2956381942562896,0.1959625500017247,9886.143358945445
2024-07-10,0.49701359163653014,0.2956381942562896,0.1959625500017247,9886.143358945445
2024-07-11,0.49701359163653014,0.2956381942562896,0.1959625500017247,9886.143358945445
2024-07-12,0.49701359163653014,0.2956381942562896,0.1959625500017247,9886.143358945445
2024-07-13,0.49701359163653014,0.2956381942562896,0.1959625500017247,9886.143358945445
2024-07-14,0.49701359163653014,0.2956381942562896,0.1959625500017247,9886.143358945445
2024-07-15,0.49701359163653014,0.2956381942562896,0.1959625500017247,9886.143358945445
2024-07-16,0.49709000308081996,0.29530405002398963,0.19599816810741566,9883.922212122252
2024-07-17,0.4970324768281558,0.2949424172434488,0.19597547841976692,9879.503724913715
2024-07-18,0.4970324768281558,0.2949088984607509,0.19629083567506592,9882.322109639726
2024-07-19,0.4970324768281558,0.2949088984607509,0.19626772502515827,9882.09100314065
2024-07-20,0.49723500516155145,0.29496260550291936,0.19666498931527734,9888.625999797481
2024-07-21,0.4971772876151214,0.29492845907295323,0.19664172208740494,9887.474687754795
2024-07-22,0.4968004776923116,0.2942774348674397,0.19616304183070166,9872.40954390453
2024-07-23,0.49586282869913195,0.2942443429224689,0.19563797785508918,9857.4514947669
2024-07-24,0.49554013296633076,0.29326361308697446,0.19609671501265621,9849.004610659615
2024-07-25,0.49577588584901994,0.2932310945601011,0.19607346111995116,9850.804415290722
2024-07-26,0.495718375962766,0.2932310945601011,0.19703080089809588,9859.80271420963
2024-07-27,0.4956057300939121,0.2932310945601011,0.19700671627709143,9858.435409311047
2024-07-28,0.4958544307508937,0.2932310945601011,0.19704988842172014,9861.35413732715
2024-07-29,0.49579689444553615,0.2932310945601011,0.19702706679171128,9860.550557973487
2024-07-30,0.4953864458698893,0.2932310945601011,0.19669974855826738,9853.172889882577
2024-07-31,0.49447551364244857,0.2932310945601011,0.19608426818976363,9837.908763923133
2024-08-01,0.49441974088039603,0.2932310945601011,0.19571878146588373,9833.696169063809
2024-08-02,0.4920686465440776,0.2932310945601011,0.19436845199284472,9796.681930970233
2024-08-03,0.4920150599605585,0.2932310945601011,0.19434790180757866,9795.940563282382
2024-08-04,0.4920150599605585,0.2932310945601011,0.19434790180757866,9795.940563282382
2024-08-05,0.4920150599605585,0.2932310945601011,0.19434790180757866,9795.940563282382
2024-08-06,0.4920150599605585,0.2932310945601011,0.19434790180757866,9795.940563282382
2024-08-07,0.4920150599605585,0.2932310945601011,0.19434790180757866,9795.940563282382
2024-08-08,0.4920150599605585,0.2932310945601011,0.19434790180757866,9795.940563282382
2024-08-09,0.4920150599605585,0.2932310945601011,0.1937315178058218,9789.776723264813
2024-08-10,0.4920150599605585,0.2932310945601011,0.19349277299744813,9787.389275181078
2024-08-11,0.4920150599605585,0.2932310945601011,0.19229060702414513,9775.367615448047
2024-08-12,0.4920150599605585,0.2932310945601011,0.1922700916791785,9775.162461998381
2024-08-13,0.4920150599605585,0.2932310945601011,0.1922700916791785,9775.162461998381
2024-08-14,0.4920150599605585,0.2932310945601011,0.1922700916791785,9775.162461998381
2024-08-15,0.4920150599605585,0.2932310945601011,0.1922700916791785,9775.162461998381
2024-08-16,0.4920150599605585,0.2932310945601011,0.1922700916791785,9775.162461998381
2024-08-17,0.4920150599605585,0.2932310945601011,0.1922700916791785,9775.162461998381
2024-08-18,0.4920150599605585,0.2932310945601011,0.1922700916791785,9775.162461998381
2024-08-19,0.4920150599605585,0.2932310945601011,0.1922700916791785,9775.162461998381
2024-08-20,0.4920150599605585,0.2932310945601011,0.1922700916791785,9775.162461998381
2024-08-21,0.4920150599605585,0.2932310945601011,0.1922700916791785,9775.162461998381
2024-08-22,0.4920150599605585,0.2932310945601011,0.1922700916791785,9775.162461998381
2024-08-23,0.4920150599605585,0.2932310945601011,0.1922700916791785,9775.162461998381
2024-08-24,0.49200824786710384,0.2932310945601011,0.1929843982454202,9782.237406726252
2024-08-25,0.491951423804959,0.2932310945601011,0.1929611173924232,9781.436357574832
2024-08-26,0.4910400702483803,0.2932310945601011,0.19278265601803696,9770.538208265185
2024-08-27,0.48901072286933994,0.2932310945601011,0.1918073195596212,9740.491369890622
2024-08-28,0.4889571274413797,0.2932310945601011,0.19178654616231414,9739.74768163795
2024-08-29,0.4889571274413797,0.2932310945601011,0.19178654616231414,9739.74768163795
2024-08-30,0.4889571274413797,0.2932310945601011,0.19178654616231414,9739.74768163795
2024-08-31,0.4889571274413797,0.2932310945601011,0.19178654616231414,9739.74768163795
2024-09-01,0.4889571274413797,0.2932310945601011,0.19178654616231414,9739.74768163795
2024-09-02,0.4889571274413797,0.2932310945601011,0.19178654616231414,9739.74768163795
2024-09-03,0.4889571274413797,0.2932310945601011,0.19178654616231414,9739.74768163795
2024-09-04,0.4889571274413797,0.2932310945601011,0.19178654616231414,9739.74768163795
2024-09-05,0.4889571274413797,0.2932310945601011,0.19178654616231414,9739.74768163795
2024-09-06,0.4889571274413797,0.2932310945601011,0.19178654616231414,9739.74768163795
2024-09-07,0.4889571274413797,0.2932310945601011,0.19178654616231414,9739.74768163795
2024-09-08,0.4889571274413797,0.2932310945601011,0.19178654616231414,9739.74768163795
2024-09-09,0.4889571274413797,0.2932310945601011,0.19178654616231414,9739.74768163795
2024-09-10,0.4889571274413797,0.2932310945601011,0.19178654616231414,9739.74768163795
2024-09-11,0.4889571274413797,0.2932310945601011,0.19178654616231414,9739.74768163795
2024-09-12,0.4889571274413797,0.2932310945601011,0.19178654616231414,9739.74768163795
2024-09-13,0.4889571274413797,0.2932310945601011,0.19178654616231414,9739.74768163795
2024-09-14,0.4889571274413797,0.2932310945601011,0.19178654616231414,9739.74768163795
2024-09-15,0.4889571274413797,0.2932310945601011,0.19178654616231414,9739.74768163795
2024-09-16,0.4889571274413797,0.2932310945601011,0.19178654616231414,9739.74768163795
2024-09-17,0.4889571274413797,0.2932310945601011,0.19178654616231414,9739.74768163795
2024-09-18,0.4889571274413797,0.2932310945601011,0.19178654616231414,9739.74768163795
2024-09-19,0.4896881481326822,0.2932310945601011,0.19178654616231414,9747.057888550975
2024-09-20,0.48963057092211365,0.2932310945601011,0.19178654616231414,9746.482116445288
2024-09-21,0.48969436628656066,0.2932310945601011,0.19178654616231414,9747.120070089759
2024-09-22,0.48963771178869964,0.2932310945601011,0.19129841019830895,9741.672165471096
2024-09-23,0.4893924922534027,0.2932310945601011,0.19127698826381814,9739.00575077322
2024-09-24,0.48997010027143895,0.2932310945601011,0.19127698826381814,9744.781830953581
2024-09-25,0.4899127871287817,0.2932310945601011,0.19078639240711115,9739.30274095994
2024-09-26,0.4910724411545407,0.2932310945601011,0.19076503302193729,9750.68568736579
2024-09-27,0.4910141108168953,0.2932310945601011,0.19094804596162834,9751.932513386248
2024-09-28,0.4910131150849923,0.29304362976505427,0.1909257356376971,9749.824804877437
2024-09-29,0.49095639792413914,0.2928902717651815,0.19106437327495393,9749.110429642747
2024-09-30,0.4895730651900578,0.292856701695836,0.19104211092850126,9734.71877814395
2024-10-01,0.4880891271636251,0.292856701695836,0.19031443256929312,9712.602614287542
2024-10-02,0.48803488211849855,0.292856701695836,0.19029345582078483,9711.850396351194
2024-10-03,0.48803488211849855,0.292856701695836,0.19029345582078483,9711.850396351194
2024-10-04,0.48878672701132336,0.292856701695836,0.19029345582078483,9719.368845279443
2024-10-05,0.4887292251064535,0.292856701695836,0.19029345582078483,9718.793826230743
2024-10-06,0.48911419586587745,0.292856701695836,0.19029345582078483,9722.643533824983
2024-10-07,0.4890571638829297,0.292856701695836,0.19002655268645977,9719.404182652253
2024-10-08,0.48893743943953893,0.292856701695836,0.19000497148511417,9717.991126204892
2024-10-09,0.4879992197965036,0.292856701695836,0.19000497148511417,9708.608929774538
2024-10-10,0.4878073314937376,0.292856701695836,0.19000497148511417,9706.690046746877
2024-10-11,0.4891582898731773,0.292856701695836,0.19000497148511417,9720.199630541276
2024-10-12,0.4890999999109782,0.292856701695836,0.1900955476927228,9720.52249299537
2024-10-13,0.4888401534536397,0.292856701695836,0.19007346377487783,9717.703189243533
2024-10-14,0.490751153645743,0.292856701695836,0.19102963291848454,9746.374882600636
2024-10-15,0.49069190475788027,0.2926268666803869,0.1910062431322625,9743.250145705299
2024-10-16,0.4909570818441835,0.29267047645090405,0.19093800952527293,9745.655678203606
2024-10-17,0.4909000027762705,0.29263665900983515,0.19056484205285376,9741.015038389594
2024-10-18,0.49141419541937714,0.2929250933232883,0.1910187369979548,9753.580257406202
2024-10-19,0.4913567189145505,0.292890857393627,0.190996075816944,9752.436521251215
2024-10-20,0.4916532654308653,0.2936881277666883,0.19164587653027904,9769.872697278326
2024-10-21,0.4915960625296234,0.2936530994740647,0.1916228395695685,9768.720015732566
2024-10-22,0.4915357062070196,0.29323354488993414,0.19169323644738095,9764.624875443345
2024-10-23,0.4914790108342169,0.2922766519101557,0.19167099590318049,9754.266586475533
2024-10-24,0.49240611637000903,0.29224426435473544,0.1921857404777522,9768.361212024965
2024-10-25,0.49234795381917573,0.29133633885041893,0.19216282807148405,9758.471207410787
2024-10-26,0.4925026851751605,0.29130394218910083,0.1926743635363409,9764.809909006022
2024-10-27,0.49244558042494935,0.29130394218910083,0.19265139912898233,9764.009217430324
2024-10-28,0.4934919657476421,0.29130394218910083,0.19275974164994172,9775.556495866846
2024-10-29,0.4934335126851378,0.2919045219089151,0.19273732539395366,9780.753599880065
2024-10-30,0.4931777339411702,0.2918699718637176,0.19234843812527241,9773.961439301602
2024-10-31,0.4920634568479425,0.29064022648837134,0.191798583076206,9745.0226641252
2024-11-01,0.4916669461129034,0.2906037949278777,0.19160793670253962,9738.786777433206
2024-11-02,0.491561245019451,0.2904184997325101,0.19158535426636203,9735.65099018323
2024-11-03,0.49126197609605554,0.2903852592053296,0.19127826729013322,9729.255025915183
2024-11-04,0.49075054949288005,0.2903852592053296,0.19084300098933896,9719.788096875485
2024-11-05,0.4916115852023275,0.2903852592053296,0.19167761307204537,9736.744574797023
2024-11-06,0.49155368974211233,0.2903852592053296,0.19165434879461773,9735.932977420598
2024-11-07,0.4916298126956501,0.2917572306841636,0.19237185135927715,9757.588947390908
2024-11-08,0.4915729175667928,0.29172163005711477,0.19234863684036507,9756.431844642726
2024-11-09,0.4916314701638265,0.2929669589356083,0.1923453732375576,9769.438023369925
2024-11-10,0.4915745991606496,0.29293139384054884,0.1923231593080193,9768.291523092177
2024-11-11,0.49538352881669123,0.29419303574098343,0.1931457951381833,9827.22359695858
2024-11-12,0.49532103392886795,0.2941573064407563,0.1931223457154388,9826.006860850632
2024-11-13,0.49640238360707406,0.29374933738057735,0.19330672829309287,9834.584492807444
2024-11-14,0.49634354596243246,0.2928029626018918,0.19328414361445156,9824.30652178776
2024-11-15,0.4979558479576316,0.2931262875866251,0.19389255834111796,9849.746938853747
2024-11-16,0.4978960960362646,0.2930920288385514,0.19386931913646205,9848.574440112781
2024-11-17,0.49753725685806666,0.2926436717332261,0.19534796665083928,9855.28895242132
2024-11-18,0.4978336455907538,0.29361059783488225,0.19532335493657008,9867.675983622063
2024-11-19,0.49777581448364533,0.29357539348888195,0.19519450594393395,9865.457139164613
2024-11-20,0.4985458404031816,0.29325703585565854,0.19502574857162047,9868.286248304606
2024-11-21,0.49848718602874525,0.2953776001565514,0.1964045589700698,9902.693451553665
2024-11-22,0.4986215291392434,0.29534059545464464,0.19637999678113452,9903.421213750225
2024-11-23,0.49856374579831353,0.29574715287418596,0.19627841416397201,9905.893128364716
2024-11-24,0.49859897563650946,0.29571242747834026,0.1961446551371901,9904.560582520398
2024-11-25,0.49854133207226087,0.29601562594748,0.19504251500493197,9895.994730246728
2024-11-26,0.49802372692012925,0.29598101258684106,0.19481904105080772,9888.237805577779
2024-11-27,0.49967941705797136,0.29821037212116785,0.1955534089812389,9934.431981603782
2024-11-28,0.4996194912392638,0.29817283945686296,0.19552983686494121,9933.221675610679
2024-11-29,0.5002886504662102,0.2982260887698334,0.1958732360293144,9943.87975265358
2024-11-30,0.500229934372217,0.29819156599767893,0.19585013480808497,9942.716351779809
2024-12-01,0.5005036112306792,0.2981909427473179,0.19578483422912416,9944.793882071212
2024-12-02,0.5004454176482047,0.29815649859390775,0.19506608552707305,9936.680017691855
2024-12-03,0.500442612278271,0.2979742772811457,0.19562630720382923,9940.431967632461
2024-12-04,0.5003848083897163,0.29937064683331754,0.19560296669371616,9953.5842191675
2024-12-05,0.49947949378422246,0.29933418425771235,0.1959008076275966,9947.144856695313
2024-12-06,0.5008016770597548,0.30047654984027655,0.19587776627346687,9971.559931734982
2024-12-07,0.5007420826213507,0.30044025978752037,0.19595029937854486,9971.32641787416
2024-12-08,0.5011902764223719,0.30042297344109736,0.19592756413050164,9975.40813993971
2024-12-09,0.5011317619918142,0.30038829451998844,0.19467401951559743,9961.940760274
2024-12-10,0.5007743219111489,0.29981395173356185,0.19443001739806487,9950.182910427757
2024-12-11,0.5025659268860179,0.30108944402909527,0.19538245160679146,9990.378225219045
2024-12-12,0.5025054803421078,0.3010529497066521,0.19535859732794333,9989.170273767033
2024-12-13,0.5029946632295087,0.30118579873354867,0.19519113255682657,9993.71594519884
2024-12-14,0.5029358836399488,0.301150823910621,0.1948572814047482,9989.43988955318
2024-12-15,0.5039943356204445,0.30161628414317876,0.19511704764861584,10007.276674122391
2024-12-16,0.5039346526945797,0.30158079926397713,0.19509418255466207,10006.09634513219
2024-12-17,0.5039170263965222,0.30096007905290695,0.19552128495122106,10003.983904006504
2024-12-18,0.5038588416789396,0.29936321294695545,0.19549810854085636,9987.201631667514
2024-12-19,0.5028125834489287,0.29808288789148024,0.19459410728618587,9954.895786265946
2024-12-20,0.5029163411268973,0.29844755860941624,0.1945728802069278,9959.367799432413
2024-12-21,0.5028581889865567,0.29841262818590086,0.1945728802069278,9958.436973793854
2024-12-22,0.5019568240372139,0.29796765336054065,0.1945728802069278,9944.973576046823
2024-12-23,0.5017856834908192,0.2989338560545615,0.1945728802069278,9952.924197523085
2024-12-24,0.5034118296903094,0.29889803873251,0.1945728802069278,9968.82748629747
2024-12-25,0.5033515148605732,0.2988713461853221,0.1945728802069278,9967.95741252823
2024-12-26,0.5019273136284066,0.2988368595158347,0.1945728802069278,9953.370533511692
2024-12-27,0.5012682360073891,0.2987864370780307,0.1945728802069278,9946.275532923477
2024-12-28,0.5016764091921762,0.2992626844642803,0.1945728802069278,9955.119738633843
2024-12-29,0.5016179793836988,0.29922750821108796,0.1945728802069278,9954.183678017145
2024-12-30,0.5011941636230549,0.2992402425872241,0.1945728802069278,9950.072864172069
2024-12-31,0.5015207366579869,0.2992056587389628,0.1945728802069278,9952.992756038775
2025-01-01,0.5014624383671042,0.29931596183551995,0.1945728802069278,9953.512804095519
2025-01-02,0.5024124196094982,0.2992812342068667,0.1945728802069278,9962.665340232928
2025-01-03,0.5023530695380121,0.3002713035489431,0.1945728802069278,9971.97253293883
2025-01-04,0.5023458172734003,0.30023524798083395,0.1944731397113843,9970.542049656186
2025-01-05,0.5022877996938238,0.30005157217337985,0.19425003925859363,9965.894111257972
2025-01-06,0.5037086492852426,0.30039753997472285,0.19462289487668663,9987.29084136652
2025-01-07,0.5036484978064671,0.30036241287841403,0.1945999304744693,9986.108411593505
2025-01-08,0.5028392562489058,0.2999502802163179,0.1945999304744693,9973.894669396932
2025-01-09,0.5017966406877339,0.29991620235961175,0.1945999304744693,9963.12773521815
2025-01-10,0.5017402049498314,0.29991620235961175,0.1945999304744693,9962.563377839126
2025-01-11,0.5016273366726605,0.29991620235961175,0.1945999304744693,9961.434695067415
2025-01-12,0.5015953781923821,0.29991620235961175,0.1945999304744693,9961.115110264633
2025-01-13,0.501606802306099,0.29991620235961175,0.1945999304744693,9961.2293514018
2025-01-14,0.5015489309886,0.29991620235961175,0.1945999304744693,9960.65063822681
2025-01-15,0.5030777856437862,0.29991620235961175,0.1945999304744693,9975.939184778674
2025-01-16,0.5030175575605705,0.29991620235961175,0.1945999304744693,9975.336903946516
2025-01-17,0.50478443134554,0.29991620235961175,0.1945999304744693,9993.00564179621
2025-01-18,0.5047236767067564,0.29991620235961175,0.1974569199266161,10020.967989929843
2025-01-19,0.5034314926672427,0.29991620235961175,0.19743015699329403,10007.778520201484
2025-01-20,0.5037849089749332,0.29991620235961175,0.19690217970904528,10006.032910435903
2025-01-21,0.5037263105758057,0.29991620235961175,0.19741187026585805,10010.543832012754
2025-01-22,0.502758089937758,0.29991620235961175,0.1973883941990165,10000.626864963862
2025-01-23,0.5028714119951266,0.29991620235961175,0.19714237714006658,9999.29991494805
2025-01-24,0.5028132519603369,0.29991620235961175,0.19713644789057064,9998.659022105192
2025-01-25,0.5027165366704992,0.29991620235961175,0.19729877353122083,9999.315125613317
2025-01-26,0.5019660679560153,0.29991620235961175,0.19727579235120518,9991.580626668321
2025-01-27,0.5017413665076924,0.29991620235961175,0.1968870891987818,9985.44658066086
2025-01-28,0.501455554863338,0.29991620235961175,0.1963795387881971,9977.51296011147
2025-01-29,0.5023575634070018,0.29991620235961175,0.19642809869747152,9987.01864464085
2025-01-30,0.5022983722587084,0.29991620235961175,0.19640537436984362,9986.19948988164
2025-01-31,0.5013807689136068,0.29991620235961175,0.19591592582102424,9972.128970942427
2025-02-01,0.5007208668116943,0.29991620235961175,0.19475382544140005,9953.908946127061
2025-02-02,0.49958468764951147,0.29991620235961175,0.19473297005956258,9942.338600686857
2025-02-03,0.4995286367277706,0.29991620235961175,0.19473297005956258,9941.778091469449
2025-02-04,0.4981320734587,0.29991620235961175,0.19473297005956258,9927.812458778742
2025-02-05,0.4980764654104927,0.29991620235961175,0.19473297005956258,9927.25637829667
2025-02-06,0.4980764654104927,0.29991620235961175,0.19473297005956258,9927.25637829667
2025-02-07,0.4980764654104927,0.29991620235961175,0.19473297005956258,9927.25637829667
2025-02-08,0.4980764654104927,0.29991620235961175,0.19473297005956258,9927.25637829667
2025-02-09,0.4980764654104927,0.29991620235961175,0.19473297005956258,9927.25637829667
2025-02-10,0.4980764654104927,0.29991620235961175,0.19473297005956258,9927.25637829667
2025-02-11,0.4980764654104927,0.29991620235961175,0.19473297005956258,9927.25637829667
2025-02-12,0.4980764654104927,0.29991620235961175,0.19473297005956258,9927.25637829667
2025-02-13,0.4980764654104927,0.29991620235961175,0.19473297005956258,9927.25637829667
2025-02-14,0.4980764654104927,0.29991620235961175,0.19473297005956258,9927.25637829667
2025-02-15,0.4980764654104927,0.29991620235961175,0.19473297005956258,9927.25637829667
2025-02-16,0.4980764654104927,0.29991620235961175,0.19473297005956258,9927.25637829667
2025-02-17,0.4980764654104927,0.29991620235961175,0.19473297005956258,9927.25637829667
2025-02-18,0.4980764654104927,0.29991620235961175,0.19473297005956258,9927.25637829667
2025-02-19,0.4980764654104927,0.29991620235961175,0.19473297005956258,9927.25637829667
2025-02-20,0.4980764654104927,0.29991620235961175,0.19473297005956258,9927.25637829667
2025-02-21,0.4980764654104927,0.29991620235961175,0.19473297005956258,9927.25637829667
2025-02-22,0.4980764654104927,0.29991620235961175,0.19473297005956258,9927.25637829667
2025-02-23,0.4980764654104927,0.29991620235961175,0.19473297005956258,9927.25637829667
2025-02-24,0.4980764654104927,0.29991620235961175,0.19473297005956258,9927.25637829667
2025-02-25,0.4980764654104927,0.29991620235961175,0.19473297005956258,9927.25637829667
2025-02-26,0.4980764654104927,0.29991620235961175,0.19473297005956258,9927.25637829667
2025-02-27,0.4980764654104927,0.29991620235961175,0.19473297005956258,9927.25637829667
2025-02-28,0.4980764654104927,0.29991620235961175,0.19473297005956258,9927.25637829667
2025-03-01,0.4980764654104927,0.29991620235961175,0.19473297005956258,9927.25637829667
2025-03-02,0.4980764654104927,0.29991620235961175,0.19473297005956258,9927.25637829667
2025-03-03,0.4980764654104927,0.29991620235961175,0.19473297005956258,9927.25637829667
2025-03-04,0.4980764654104927,0.29991620235961175,0.19473297005956258,9927.25637829667
2025-03-05,0.4980764654104927,0.29991620235961175,0.19473297005956258,9927.25637829667
2025-03-06,0.4980764654104927,0.29991620235961175,0.19473297005956258,9927.25637829667
2025-03-07,0.4980764654104927,0.29991620235961175,0.19473297005956258,9927.25637829667
2025-03-08,0.4980764654104927,0.29991620235961175,0.19473297005956258,9927.25637829667
2025-03-09,0.4980764654104927,0.29991620235961175,0.19473297005956258,9927.25637829667
2025-03-10,0.4980764654104927,0.29991620235961175,0.19473297005956258,9927.25637829667
2025-03-11,0.4980764654104927,0.29991620235961175,0.19473297005956258,9927.25637829667
2025-03-12,0.4980764654104927,0.29991620235961175,0.19473297005956258,9927.25637829667
2025-03-13,0.4980764654104927,0.29991620235961175,0.19473297005956258,9927.25637829667
2025-03-14,0.4980764654104927,0.29991620235961175,0.19473297005956258,9927.25637829667
2025-03-15,0.4980764654104927,0.29991620235961175,0.19473297005956258,9927.25637829667
2025-03-16,0.4980764654104927,0.29991620235961175,0.19473297005956258,9927.25637829667
2025-03-17,0.4980764654104927,0.29991620235961175,0.19473297005956258,9927.25637829667
2025-03-18,0.4980764654104927,0.29991620235961175,0.19473297005956258,9927.25637829667
2025-03-19,0.4980764654104927,0.29991620235961175,0.19473297005956258,9927.25637829667
2025-03-20,0.4980764654104927,0.29991620235961175,0.19473297005956258,9927.25637829667
2025-03-21,0.4980764654104927,0.29991620235961175,0.19473297005956258,9927.25637829667
2025-03-22,0.4980764654104927,0.29991620235961175,0.19473297005956258,9927.25637829667
2025-03-23,0.4980764654104927,0.29991620235961175,0.19473297005956258,9927.25637829667
2025-03-24,0.4980764654104927,0.29991620235961175,0.19473297005956258,9927.25637829667
2025-03-25,0.4980764654104927,0.29991620235961175,0.19473297005956258,9927.25637829667
2025-03-26,0.4980764654104927,0.29991620235961175,0.19473297005956258,9927.25637829667
2025-03-27,0.4980764654104927,0.29991620235961175,0.19473297005956258,9927.25637829667
2025-03-28,0.4980764654104927,0.29991620235961175,0.19473297005956258,9927.25637829667
2025-03-29,0.4980764654104927,0.29991620235961175,0.19473297005956258,9927.25637829667
2025-03-30,0.4980764654104927,0.29991620235961175,0.19473297005956258,9927.25637829667
2025-03-31,0.4980764654104927,0.29991620235961175,0.19473297005956258,9927.25637829667
2025-04-01,0.4980764654104927,0.29991620235961175,0.19473297005956258,9927.25637829667
2025-04-02,0.4980764654104927,0.29991620235961175,0.19473297005956258,9927.25637829667
2025-04-03,0.4980764654104927,0.29991620235961175,0.19473297005956258,9927.25637829667
2025-04-04,0.4980764654104927,0.29991620235961175,0.19473297005956258,9927.25637829667
2025-04-05,0.4980764654104927,0.29991620235961175,0.19473297005956258,9927.25637829667
2025-04-06,0.4980764654104927,0.29991620235961175,0.19473297005956258,9927.25637829667
2025-04-07,0.4980764654104927,0.29991620235961175,0.19473297005956258,9927.25637829667
2025-04-08,0.4980764654104927,0.29991620235961175,0.19473297005956258,9927.25637829667
2025-04-09,0.4980764654104927,0.29991620235961175,0.19473297005956258,9927.25637829667
2025-04-10,0.4980764654104927,0.29991620235961175,0.19473297005956258,9927.25637829667
2025-04-11,0.4980764654104927,0.29991620235961175,0.19473297005956258,9927.25637829667
2025-04-12,0.4980764654104927,0.29991620235961175,0.19473297005956258,9927.25637829667
2025-04-13,0.4980764654104927,0.29991620235961175,0.19473297005956258,9927.25637829667
2025-04-14,0.4980764654104927,0.29991620235961175,0.19473297005956258,9927.25637829667
2025-04-15,0.4980764654104927,0.29991620235961175,0.19473297005956258,9927.25637829667
2025-04-16,0.4980764654104927,0.29991620235961175,0.19473297005956258,9927.25637829667
2025-04-17,0.4980764654104927,0.29991620235961175,0.19473297005956258,9927.25637829667
2025-04-18,0.4980764654104927,0.29991620235961175,0.19473297005956258,9927.25637829667
2025-04-19,0.4980764654104927,0.29991620235961175,0.19473297005956258,9927.25637829667
2025-04-20,0.4980764654104927,0.29991620235961175,0.19473297005956258,9927.25637829667
2025-04-21,0.4980764654104927,0.29991620235961175,0.19473297005956258,9927.25637829667
2025-04-22,0.5006117789146022,0.29991620235961175,0.19473297005956258,9952.609513337764
2025-04-23,0.5005504427622558,0.29991620235961175,0.1949535255598029,9954.201706816706
2025-04-24,0.5005932151982616,0.29991620235961175,0.19493070059135187,9954.401181492252
2025-04-25,0.5005353308339908,0.29991620235961175,0.19477149561022827,9952.230288038309
2025-04-26,0.5004476565904283,0.29991620235961175,0.19460992805189625,9949.737870019364
2025-04-27,0.5000848002463208,0.29991620235961175,0.19450506960557046,9945.06072211503
2025-04-28,0.5005864464726186,0.29991620235961175,0.1944609333388163,9949.635821710468
2025-04-29,0.5005280136101228,0.29991620235961175,0.19432101309191485,9947.652290616494
2025-04-30,0.500438607382828,0.29991620235961175,0.1944448775212413,9947.996872636812
2025-05-01,0.5013722353907775,0.29991620235961175,0.1944222784678357,9957.107162182248
2025-05-02,0.5013131146612478,0.29991620235961175,0.19412259098724638,9953.51908008106
2025-05-03,0.5008500830499838,0.29991620235961175,0.1939957378642993,9947.62023273895
2025-05-04,0.5002164358555888,0.29991620235961175,0.19370961935837336,9938.42257573574
2025-05-05,0.5003918253276379,0.29991620235961175,0.19399003571932483,9942.980634065745
2025-05-06,0.5003338659430204,0.29991620235961175,0.19396727213119813,9942.173404338302
2025-05-07,0.5003674965841799,0.29991620235961175,0.1939903602976233,9942.74059241415
2025-05-08,0.5003096509455307,0.29991620235961175,0.19396791987972395,9941.937731848664
2025-05-09,0.5001510366702877,0.30133476661853414,0.1947524425877178,9962.382458765398
2025-05-10,0.5007955628967982,0.3012979951750386,0.1947288603238998,9968.224183957365
2025-05-11,0.5007369087000617,0.30061540809624826,0.19431887151412272,9956.711883104326
2025-05-12,0.5002005934178717,0.30048702677333694,0.19442385069645482,9951.114708876636
2025-05-13,0.500707705509843,0.3021879544265406,0.19440127969800494,9972.969396343886
2025-05-14,0.5006492508653669,0.3021507453813899,0.19378585320825897,9965.858494550159
2025-05-15,0.5006677974456204,0.30155305488232037,0.19313558604511705,9953.564383730578
2025-05-16,0.5006099379943716,0.301456111556966,0.19298736420710927,9950.53413758447
2025-05-17,0.5004412030883193,0.30090247077120896,0.19286268743922166,9942.0636129875
2025-05-18,0.501655243546387,0.3011118564951351,0.19357487292303818,9963.419729645604
2025-05-19,0.5015957018742603,0.3010768352147605,0.19355155991779316,9962.240970068138
2025-05-20,0.5019707043298558,0.3009963609175139,0.19367371090195495,9966.407761493247
2025-05-21,0.5019122010453547,0.30125472154521865,0.1936511699596447,9968.18092550218
2025-05-22,0.5025565825637078,0.301219617058287,0.19414418809502695,9979.203877170217
2025-05-23,0.5024976387854424,0.2999871753749507,0.19412107953114008,9966.058936915331
2025-05-24,0.5026209830109255,0.3000239200538192,0.1942891134479374,9969.340165126821
2025-05-25,0.5025627529022432,0.2999892618871638,0.19426643791708703,9968.184527064941
2025-05-26,0.5026483262521166,0.3000665373420172,0.19417449328514763,9968.893568792815
2025-05-27,0.5025901452593166,0.3000317687217373,0.19433726663418785,9969.591806152417
2025-05-28,0.5021092420871515,0.30016303384395837,0.19431462628643753,9965.869022175473
2025-05-29,0.5013346063234733,0.30012817935606795,0.1938059844804513,9952.687701599925
2025-05-30,0.5007337245507107,0.29919287110170173,0.19287881831507986,9928.054139674923
2025-05-31,0.5009697421711762,0.2991838391587295,0.19291592140857516,9930.695027384809
2025-06-01,0.5009116322796748,0.29924915207241065,0.19289361716317055,9930.54401515256
2025-06-02,0.5009374879383943,0.29921454619017557,0.1927973972454188,9929.494313739888
2025-06-03,0.5008795872186426,0.2990580347274961,0.19264097871835534,9925.786006644941
2025-06-04,0.5005658055723746,0.29919414297902985,0.19245155943733916,9922.115079887435
2025-06-05,0.4994051920302755,0.29915944521809607,0.19160025636109934,9901.648936094709
2025-06-06,0.5004679260853724,0.2997049751940945,0.19157933509210642,9917.522363715734
2025-06-07,0.5004087286016551,0.2996696002810112,0.19157933509210642,9916.576639747727
2025-06-08,0.5004158524618517,0.2994916092683548,0.19178258642762663,9916.90048157833
2025-06-09,0.5003580379224888,0.3010578730189159,0.19176015169351202,9931.760626349167
2025-06-10,0.5002874232336882,0.3010209806867354,0.19209873941726835,9934.071433376921
2025-06-11,0.49973924244122425,0.3006571480947901,0.19207608085951958,9924.724713955338
2025-06-12,0.49876320558562837,0.29964165095879375,0.1912956200981758,9897.00476642598
2025-06-13,0.4988204954028831,0.2990117681351803,0.19089382006739986,9887.260836054633
2025-06-14,0.4987628800139364,0.29860036912685817,0.19087235691672694,9882.356060575215
2025-06-15,0.4987342740860589,0.29872122148090047,0.19087235691672694,9883.278524836862
2025-06-16,0.49867670324089375,0.29868659877830733,0.1906635178805893,9880.268198997903
2025-06-17,0.4978305477691601,0.29838225017649117,0.1906417827413599,9868.545806870112
2025-06-18,0.49793277475321546,0.2985056521676931,0.1906417827413599,9870.802096622685
2025-06-19,0.49787519995149115,0.2984710510977501,0.1906417827413599,9869.88033790601
2025-06-20,0.49731484167424717,0.2973955206238683,0.1906417827413599,9853.521450394754
2025-06-21,0.4969245495572669,0.2963791342495585,0.1906417827413599,9839.454665481853
2025-06-22,0.4964491948992066,0.2956614310083214,0.1906417827413599,9827.524086488878
2025-06-23,0.49818440089223875,0.29562832066232053,0.1906417827413599,9844.545042959191
2025-06-24,0.49812453740587453,0.29584005047247963,0.1906417827413599,9846.06370619714
2025-06-25,0.49854239318333937,0.29580558398454965,0.1906417827413599,9849.897599092488
2025-06-26,0.49848422660589997,0.29574169019991603,0.1906417827413599,9848.676995471758
2025-06-27,0.49847273239351264,0.2958143392926075,0.1906417827413599,9849.2885442748
2025-06-28,0.49841516807750125,0.29578011938806215,0.1906417827413599,9848.370702069233
2025-06-29,0.49873551455701864,0.29634204564405375,0.1906417827413599,9857.193429424324
2025-06-30,0.4986774606230672,0.2963070365017835,0.1906417827413599,9856.262798662106
2025-07-01,0.49810539377235946,0.2955333772861642,0.1906417827413599,9842.805537998836
2025-07-02,0.4992505106385907,0.29709655863623907,0.1906417827413599,9869.888520161898
2025-07-03,0.4991913408919534,0.29706012623142675,0.1906417827413599,9868.9324986474
2025-07-04,0.49856864877047263,0.2962983854016484,0.1906417827413599,9855.08816913481
2025-07-05,0.49863774730268834,0.29637698590693146,0.1906417827413599,9856.565159509797
2025-07-06,0.4985801375085981,0.29634269141984154,0.1906417827413599,9855.646116697995
2025-07-07,0.4981952996450137,0.29605828359119707,0.1906417827413599,9848.953659775707
2025-07-08,0.498424997779001,0.2967071088857169,0.1906417827413599,9857.738894060778
2025-07-09,0.4983671907218262,0.2966719880311527,0.1906417827413599,9856.809614943388
2025-07-10,0.4999145090570805,0.2981537029812261,0.19125202449018217,9893.20236528489
2025-07-11,0.4998546208208535,0.2981172115931304,0.19122908777369668,9892.009201876806
2025-07-12,0.4997701775329613,0.2979667136032517,0.19100847835815127,9887.453694943642
2025-07-13,0.5003203789611093,0.2982036794787323,0.19105476187392895,9895.788203137705
2025-07-14,0.5002619102867142,0.2981689563672135,0.19103266110352227,9894.6352775745
2025-07-15,0.4995387564835698,0.2990976412767097,0.19116230397004683,9897.987017303263
2025-07-16,0.49985146631634125,0.29906180623742656,0.1911400427599409,9900.533153137087
2025-07-17,0.4997933791262956,0.2997455914781661,0.19129441509249304,9908.333856969548
2025-07-18,0.49932105489766665,0.2997100205299129,0.19127210439654468,9903.031798241242
2025-07-19,0.4992999008254028,0.29997590366864013,0.1912241632468966,9904.999677409394
2025-07-20,0.49909172879802416,0.2999408844872253,0.1915959328584278,9906.285461436772
2025-07-21,0.4991368500065464,0.2999301991561213,0.19157331950310952,9906.403686657772
2025-07-22,0.49907921656564774,0.2998955680212723,0.19228096679065956,9912.557513775795
2025-07-23,0.49862477056583304,0.29912605410482257,0.19225777640969532,9900.086010803509
2025-07-24,0.49849925244582083,0.29962139273829763,0.19169436581710086,9898.150110012193
2025-07-25,0.49826191740638476,0.2995861471930488,0.19203062595875178,9898.786905581854
2025-07-26,0.4983630708039522,0.2996389235748916,0.19200801054627725,9900.10004925121
2025-07-27,0.4983054489931695,0.299604238256075,0.19229092214933546,9902.0060939858
2025-07-28,0.49775890241929016,0.2990474065592673,0.19226831844693887,9890.746274254965
2025-07-29,0.49775747582032764,0.2990833038954616,0.19214839946107276,9889.89179176862
2025-07-30,0.4977279415738185,0.299048756795314,0.19185147976629582,9886.281781354282
2025-07-31,0.49705436267555214,0.29834078818497267,0.1914134358147973,9868.085866753221
2025-08-01,0.4962481607546615,0.2970465327480175,0.190597587376787,9838.92280879466
2025-08-02,0.49597987184832537,0.2964184059036932,0.19020094686120426,9825.99224613223
2025-08-03,0.4965527245765196,0.29712073704882996,0.19017955636307132,9838.530179884208
2025-08-04,0.49649465860205627,0.29708549363884884,0.19083239261665663,9844.125448575618
2025-08-05,0.4961285620200977,0.2963932037984093,0.1908094454229996,9833.312112415066
2025-08-06,0.49642454945881964,0.2968468943394343,0.19115227804452434,9844.237218427783
2025-08-07,0.4963668814171857,0.2968120266127126,0.19112972294075772,9843.08630970656
2025-08-08,0.4960469802559962,0.2973349122332197,0.1912147179647149,9845.966104539308
2025-08-09,0.4959850298300062,0.29729984243338675,0.19119251249211697,9844.7738475551
2025-08-10,0.4969039645013495,0.2972152115763183,0.19139250503808714,9855.11681115755
2025-08-11,0.4968453794089348,0.29706870315644823,0.19137011987367752,9852.842024390604
2025-08-12,0.4972520079074544,0.29903599536363423,0.192767980658314,9890.559839294026
2025-08-13,0.49719400592506474,0.2989987811355192,0.19274377877446802,9889.36565835052
2025-08-14,0.4955911455305304,0.2979579695706819,0.19205931180822786,9856.084269094401
2025-08-15,0.49527942633838473,0.2974114613511929,0.19153334887595005,9842.242365655276
2025-08-16,0.4953091768317912,0.29733955898732956,0.19185193446485282,9845.006702839735
2025-08-17,0.49525200594075797,0.29758279221523676,0.1918293641570065,9846.641623130012
2025-08-18,0.49480539798355466,0.29754813212949255,0.1911824024014374,9835.359325144846
2025-08-19,0.4936848160560361,0.29624516308639104,0.19062265184264127,9805.526309850684
2025-08-20,0.4936294246066574,0.2977036447457119,0.19157716765122823,9829.102370035975
2025-08-21,0.4929558628134375,0.29766728614153765,0.19155374873572176,9821.768976906968
2025-08-22,0.49289985206190057,0.30092997890393464,0.19319619901002255,9870.260299758578
2025-08-23,0.49235644835173037,0.300890701969453,0.19317160915266338,9864.187594738467
2025-08-24,0.4917268873744832,0.30087321136147177,0.19328888468241412,9858.88983418369
2025-08-25,0.4916710418999277,0.300838480714596,0.19326639494020958,9857.759175547333
2025-08-26,0.4916710418999277,0.3020072815194318,0.19392885901477283,9876.071824341323
2025-08-27,0.4916710418999277,0.3019707780608313,0.19390554081332748,9875.473607740865
2025-08-28,0.4916710418999277,0.30195544578754846,0.1947271175233605,9883.536052108366
2025-08-29,0.4916710418999277,0.3019205871411102,0.19470348690267747,9882.951159437152
2025-08-30,0.4916710418999277,0.301960311078961,0.19450879811309518,9881.401510919839
2025-08-31,0.4916710418999277,0.30192537567345223,0.19436130810039629,9879.577256737763
2025-09-01,0.4916710418999277,0.30149086411304715,0.19408160761996224,9872.435136329372
2025-09-02,0.4916710418999277,0.30154887826059884,0.19501834158686393,9882.382617473904
2025-09-03,0.4916710418999277,0.30151401642201625,0.1949945509586741,9881.79609280618
2025-09-04,0.4916710418999277,0.30068895295241893,0.19438943882548268,9867.494336778293
2025-09-05,0.4916710418999277,0.3007322213417401,0.19445789929404322,9868.611625357109
2025-09-06,0.4916710418999277,0.3006974732957746,0.1944353745109667,9868.03889706669
2025-09-07,0.4916710418999277,0.3008310899724705,0.19487762679757967,9873.797586699779
2025-09-08,0.4916710418999277,0.3007961550607006,0.19485450377103752,9873.217007316658
2025-09-09,0.4916710418999277,0.3007666434299412,0.19504644249635306,9874.84127826222
2025-09-10,0.4916710418999277,0.3007319417300133,0.19502364639999753,9874.266300299385
2025-09-11,0.4916710418999277,0.3012933973877942,0.19532054917415972,9882.849884618818
2025-09-12,0.49180879194799293,0.3012578169499101,0.19529757614599189,9883.64185043895
2025-09-13,0.49175179085357384,0.30099174468074613,0.19529317693358791,9880.36712467908
2025-09-14,0.49151794645010105,0.3007008884447451,0.19527062406522355,9874.894589600697
2025-09-15,0.4915299004462986,0.3002851329373614,0.19486095984666096,9866.75993230321
2025-09-16,0.49147319037566883,0.3001658968859778,0.19502875922094987,9866.678464825964
2025-09-17,0.491295241310873,0.3006228764645957,0.19500603149984994,9869.241492753186
2025-09-18,0.49151204842195895,0.30058756977705303,0.195153804431093,9872.53422630105
2025-09-19,0.49145505697696135,0.2999534248493313,0.19513105705787967,9865.395388841724
2025-09-20,0.4914091508495931,0.3000111631471236,0.19517395666446483,9865.942706611815
2025-09-21,0.4912732628121906,0.2999764786357871,0.19515135210668863,9864.010935546663
2025-09-22,0.49121676582344714,0.2986539812369473,0.19410860440672126,9839.793514671157
2025-09-23,0.49121676582344714,0.2984479241404714,0.1936481519621818,9833.128419261004
2025-09-24,0.49121676582344714,0.2984137836386197,0.19351083933008448,9831.413887921513
2025-09-25,0.49121676582344714,0.2984137836386197,0.192148716274283,9817.792657363498
2025-09-26,0.49121676582344714,0.2984137836386197,0.19212843891143958,9817.589883735063
2025-09-27,0.49121676582344714,0.2984137836386197,0.19197894031816615,9816.09489780233
2025-09-28,0.49121676582344714,0.2984137836386197,0.19249770999169127,9821.28259453758
2025-09-29,0.49121676582344714,0.2984137836386197,0.1924747889429218,9821.053384049887
2025-09-30,0.49121676582344714,0.2984137836386197,0.19215305399671412,9817.836034587808
2025-10-01,0.49121676582344714,0.2984137836386197,0.19306835697952152,9826.989064415882
2025-10-02,0.4918072694658765,0.2991010729187337,0.1930448208891118,9839.53163273722
2025-10-03,0.49174964194236553,0.29906557157139396,0.19290526379865985,9837.204773124193
2025-10-04,0.4917420431740942,0.2989002452314291,0.19258677110486905,9832.290595103923
2025-10-05,0.491685250950876,0.2990343807352307,0.19262518236307213,9833.448140491788
2025-10-06,0.4920079022955875,0.2989997041135605,0.19260291110388725,9836.105175130353
2025-10-07,0.49195062230034,0.2978043088970474,0.19181397361168817,9815.689048090755
2025-10-08,0.49248690827784375,0.29819637478214345,0.19238964307246378,9830.72926132451
2025-10-09,0.49242927728354746,0.29816143566000364,0.19236665440181167,9829.573673453628
2025-10-10,0.48972980444508757,0.29536525939371466,0.19017995204640997,9752.75015885212
2025-10-11,0.4896769701801254,0.29533501065250634,0.19016101010201347,9751.729909346452
2025-10-12,0.4896769701801254,0.29533501065250634,0.19016101010201347,9751.729909346452
2025-10-13,0.4896535866583644,0.29533501065250634,0.19016101010201347,9751.496074128843
2025-10-14,0.48959705752551236,0.29533501065250634,0.1897244046335229,9746.564728115416
2025-10-15,0.48959705752551236,0.29533501065250634,0.18970309320006765,9746.351613780864
2025-10-16,0.48959705752551236,0.29533501065250634,0.18970309320006765,9746.351613780864
2025-10-17,0.48959705752551236,0.29533501065250634,0.18970309320006765,9746.351613780864
2025-10-18,0.48959705752551236,0.29533501065250634,0.18970309320006765,9746.351613780864
2025-10-19,0.48959705752551236,0.29533501065250634,0.18970309320006765,9746.351613780864
2025-10-20,0.48959705752551236,0.29533501065250634,0.18970309320006765,9746.351613780864
2025-10-21,0.48959705752551236,0.29533501065250634,0.18970309320006765,9746.351613780864
2025-10-22,0.48959705752551236,0.29533501065250634,0.18970309320006765,9746.351613780864
2025-10-23,0.48959705752551236,0.29533501065250634,0.18970309320006765,9746.351613780864
2025-10-24,0.48959705752551236,0.29533501065250634,0.18970309320006765,9746.351613780864
2025-10-25,0.48959705752551236,0.29533501065250634,0.18970309320006765,9746.351613780864
2025-10-26,0.48959705752551236,0.29533501065250634,0.18970309320006765,9746.351613780864
2025-10-27,0.4894243804345053,0.29533501065250634,0.18970309320006765,9744.624842870793
2025-10-28,0.48904051733047216,0.29533501065250634,0.18970309320006765,9740.786211830462
2025-10-29,0.4889846423864279,0.29533501065250634,0.18970309320006765,9740.22746239002
2025-10-30,0.4889846423864279,0.29533501065250634,0.18970309320006765,9740.22746239002
2025-10-31,0.4889846423864279,0.29533501065250634,0.18970309320006765,9740.22746239002
2025-11-01,0.4889846423864279,0.29533501065250634,0.18970309320006765,9740.22746239002
2025-11-02,0.4889846423864279,0.29533501065250634,0.18970309320006765,9740.22746239002
2025-11-03,0.4889846423864279,0.29533501065250634,0.18970309320006765,9740.22746239002
2025-11-04,0.4889846423864279,0.29533501065250634,0.18970309320006765,9740.22746239002
2025-11-05,0.4889846423864279,0.29533501065250634,0.18970309320006765,9740.22746239002
2025-11-06,0.4889846423864279,0.29533501065250634,0.18970309320006765,9740.22746239002
2025-11-07,0.4889846423864279,0.29533501065250634,0.18970309320006765,9740.22746239002
2025-11-08,0.4889846423864279,0.29533501065250634,0.18970309320006765,9740.22746239002
2025-11-09,0.4889846423864279,0.29533501065250634,0.18970309320006765,9740.22746239002
2025-11-10,0.4889846423864279,0.29533501065250634,0.18970309320006765,9740.22746239002
2025-11-11,0.4889846423864279,0.29533501065250634,0.18970309320006765,9740.22746239002
2025-11-12,0.4889846423864279,0.29533501065250634,0.18970309320006765,9740.22746239002
2025-11-13,0.4889846423864279,0.29533501065250634,0.18970309320006765,9740.22746239002
2025-11-14,0.4889846423864279,0.29533501065250634,0.18970309320006765,9740.22746239002
2025-11-15,0.4889846423864279,0.29533501065250634,0.18970309320006765,9740.22746239002
2025-11-16,0.4889846423864279,0.29533501065250634,0.18970309320006765,9740.22746239002
2025-11-17,0.4889846423864279,0.29533501065250634,0.18970309320006765,9740.22746239002
2025-11-18,0.4889846423864279,0.29533501065250634,0.18970309320006765,9740.22746239002
2025-11-19,0.4889846423864279,0.29533501065250634,0.18970309320006765,9740.22746239002
2025-11-20,0.4889846423864279,0.29533501065250634,0.18970309320006765,9740.22746239002
2025-11-21,0.4889846423864279,0.29533501065250634,0.18970309320006765,9740.22746239002
2025-11-22,0.4889846423864279,0.29533501065250634,0.18970309320006765,9740.22746239002
2025-11-23,0.4889846423864279,0.29533501065250634,0.18970309320006765,9740.22746239002
2025-11-24,0.4889846423864279,0.29533501065250634,0.18970309320006765,9740.22746239002
2025-11-25,0.4889846423864279,0.29533501065250634,0.18970309320006765,9740.22746239002
2025-11-26,0.4889846423864279,0.29533501065250634,0.18970309320006765,9740.22746239002
2025-11-27,0.4889846423864279,0.29533501065250634,0.18970309320006765,9740.22746239002
2025-11-28,0.4889846423864279,0.29533501065250634,0.18970309320006765,9740.22746239002
2025-11-29,0.4889846423864279,0.29533501065250634,0.18970309320006765,9740.22746239002
2025-11-30,0.4889846423864279,0.29533501065250634,0.18970309320006765,9740.22746239002
2025-12-01,0.4889846423864279,0.29533501065250634,0.18970309320006765,9740.22746239002
2025-12-02,0.4889846423864279,0.29533501065250634,0.18970309320006765,9740.22746239002
2025-12-03,0.4889846423864279,0.29533501065250634,0.18970309320006765,9740.22746239002
2025-12-04,0.4889846423864279,0.29533501065250634,0.18970309320006765,9740.22746239002
2025-12-05,0.4889846423864279,0.29533501065250634,0.18970309320006765,9740.22746239002
2025-12-06,0.4889846423864279,0.29533501065250634,0.18970309320006765,9740.22746239002
2025-12-07,0.4889846423864279,0.29533501065250634,0.18970309320006765,9740.22746239002
2025-12-08,0.4889846423864279,0.29533501065250634,0.18970309320006765,9740.22746239002
2025-12-09,0.4889846423864279,0.29533501065250634,0.18970309320006765,9740.22746239002
2025-12-10,0.4889846423864279,0.29533501065250634,0.18970309320006765,9740.22746239002
2025-12-11,0.4889846423864279,0.29533501065250634,0.18970309320006765,9740.22746239002
2025-12-12,0.4889846423864279,0.29533501065250634,0.18970309320006765,9740.22746239002
2025-12-13,0.4889846423864279,0.29533501065250634,0.18970309320006765,9740.22746239002
2025-12-14,0.4889846423864279,0.29533501065250634,0.18970309320006765,9740.22746239002
2025-12-15,0.4889846423864279,0.29533501065250634,0.18970309320006765,9740.22746239002
2025-12-16,0.4889846423864279,0.29533501065250634,0.18970309320006765,9740.22746239002
2025-12-17,0.4889846423864279,0.29533501065250634,0.18970309320006765,9740.22746239002
2025-12-18,0.4889846423864279,0.29533501065250634,0.18970309320006765,9740.22746239002
2025-12-19,0.4889846423864279,0.29533501065250634,0.18970309320006765,9740.22746239002
2025-12-20,0.4889846423864279,0.29533501065250634,0.18970309320006765,9740.22746239002
2025-12-21,0.4889846423864279,0.29533501065250634,0.18970309320006765,9740.22746239002
2025-12-22,0.4889846423864279,0.29533501065250634,0.18970309320006765,9740.22746239002
2025-12-23,0.4889846423864279,0.29533501065250634,0.18970309320006765,9740.22746239002
2025-12-24,0.4889846423864279,0.29533501065250634,0.18970309320006765,9740.22746239002
2025-12-25,0.4889846423864279,0.29533501065250634,0.18970309320006765,9740.22746239002
2025-12-26,0.4889846423864279,0.29533501065250634,0.18970309320006765,9740.22746239002
2025-12-27,0.4889846423864279,0.29533501065250634,0.18970309320006765,9740.22746239002
2025-12-28,0.4889846423864279,0.29533501065250634,0.18970309320006765,9740.22746239002
2025-12-29,0.4889846423864279,0.29533501065250634,0.18970309320006765,9740.22746239002
2025-12-30,0.4889846423864279,0.29533501065250634,0.18970309320006765,9740.22746239002
2025-12-31,0.4889846423864279,0.29533501065250634,0.18970309320006765,9740.22746239002
2026-01-01,0.4889846423864279,0.29533501065250634,0.18970309320006765,9740.22746239002
2026-01-02,0.4889846423864279,0.29533501065250634,0.18970309320006765,9740.22746239002
2026-01-03,0.4889846423864279,0.29533501065250634,0.18970309320006765,9740.22746239002
2026-01-04,0.4889846423864279,0.29533501065250634,0.18970309320006765,9740.22746239002
2026-01-05,0.4889846423864279,0.29533501065250634,0.18970309320006765,9740.22746239002
2026-01-06,0.4888666989199707,0.2957925385759692,0.18970309320006765,9743.623306960075
2026-01-07,0.4878953474725622,0.29575773739497174,0.1891863125779464,9728.393974454802
2026-01-08,0.48784041790391586,0.29527490232605874,0.18916517426262067,9722.804944925952
2026-01-09,0.48784041790391586,0.29524146238881277,0.18916517426262067,9722.470545553493
2026-01-10,0.48784041790391586,0.29524146238881277,0.18916517426262067,9722.470545553493
2026-01-11,0.48784041790391586,0.29524146238881277,0.18916517426262067,9722.470545553493
2026-01-12,0.48784041790391586,0.2950139932276381,0.18910638613492764,9719.607972664817
2026-01-13,0.48784041790391586,0.29669983804332206,0.18975709294658902,9742.973488938269
2026-01-14,0.48841693768533095,0.2966632827446369,0.18973430556673967,9748.145259967076
2026-01-15,0.48835972114366616,0.2963731395189435,0.18927281291561326,9740.05673578223
2026-01-16,0.48829310699628997,0.2962242115970089,0.18953079013794627,9740.481087312452
2026-01-17,0.48812591874257366,0.2963165309343742,0.1895085716241728,9739.510213011206
2026-01-18,0.4875470990567035,0.2962822256275345,0.18890552966767843,9727.348543519165
2026-01-19,0.48711341015094484,0.2955914114507638,0.18841439018549358,9711.192117872022
2026-01-20,0.4853952497552373,0.29379950413608774,0.18839333704070196,9675.88090932027
2026-01-21,0.48534164147035724,0.293768096165112,0.18839333704070196,9675.030746761711
2026-01-22,0.48534164147035724,0.293768096165112,0.18839333704070196,9675.030746761711
2026-01-23,0.48534164147035724,0.293768096165112,0.18839333704070196,9675.030746761711
2026-01-24,0.48534164147035724,0.293768096165112,0.18839333704070196,9675.030746761711
2026-01-25,0.48534164147035724,0.293768096165112,0.18839333704070196,9675.030746761711
2026-01-26,0.48534164147035724,0.293768096165112,0.18839333704070196,9675.030746761711
2026-01-27,0.48534164147035724,0.293768096165112,0.18839333704070196,9675.030746761711
2026-01-28,0.48534164147035724,0.293768096165112,0.18839333704070196,9675.030746761711
2026-01-29,0.48534164147035724,0.293768096165112,0.18839333704070196,9675.030746761711
2026-01-30,0.48534164147035724,0.293768096165112,0.18839333704070196,9675.030746761711
2026-01-31,0.48534164147035724,0.293768096165112,0.18839333704070196,9675.030746761711
2026-02-01,0.48534164147035724,0.293768096165112,0.18839333704070196,9675.030746761711
2026-02-02,0.48534164147035724,0.293768096165112,0.18839333704070196,9675.030746761711
2026-02-03,0.48534164147035724,0.293768096165112,0.18839333704070196,9675.030746761711
2026-02-04,0.48534164147035724,0.293768096165112,0.18839333704070196,9675.030746761711
2026-02-05,0.48534164147035724,0.293768096165112,0.18839333704070196,9675.030746761711
2026-02-06,0.48534164147035724,0.293768096165112,0.18839333704070196,9675.030746761711
2026-02-07,0.48534164147035724,0.293768096165112,0.18839333704070196,9675.030746761711
2026-02-08,0.48534164147035724,0.293768096165112,0.18839333704070196,9675.030746761711
2026-02-09,0.48534164147035724,0.293768096165112,0.18839333704070196,9675.030746761711
2026-02-10,0.48534164147035724,0.293768096165112,0.18839333704070196,9675.030746761711
2026-02-11,0.48534164147035724,0.293768096165112,0.18839333704070196,9675.030746761711
2026-02-12,0.48534164147035724,0.293768096165112,0.18839333704070196,9675.030746761711
2026-02-13,0.48534164147035724,0.293768096165112,0.18839333704070196,9675.030746761711
2026-02-14,0.48534164147035724,0.293768096165112,0.18839333704070196,9675.030746761711
2026-02-15,0.48534164147035724,0.293768096165112,0.18839333704070196,9675.030746761711
2026-02-16,0.48534164147035724,0.293768096165112,0.18839333704070196,9675.030746761711
2026-02-17,0.48534164147035724,0.293768096165112,0.18839333704070196,9675.030746761711
2026-02-18,0.48534164147035724,0.293768096165112,0.18839333704070196,9675.030746761711
2026-02-19,0.48534164147035724,0.293768096165112,0.18839333704070196,9675.030746761711
2026-02-20,0.48534164147035724,0.293768096165112,0.18839333704070196,9675.030746761711
2026-02-21,0.48534164147035724,0.293768096165112,0.18839333704070196,9675.030746761711
2026-02-22,0.48534164147035724,0.293768096165112,0.18839333704070196,9675.030746761711
2026-02-23,0.48534164147035724,0.293768096165112,0.18839333704070196,9675.030746761711
2026-02-24,0.48534164147035724,0.293768096165112,0.18839333704070196,9675.030746761711
2026-02-25,0.48534164147035724,0.293768096165112,0.18839333704070196,9675.030746761711
2026-02-26,0.48534164147035724,0.293768096165112,0.18839333704070196,9675.030746761711
2026-02-27,0.48534164147035724,0.293768096165112,0.18839333704070196,9675.030746761711
2026-02-28,0.48534164147035724,0.293768096165112,0.18839333704070196,9675.030746761711
2026-03-01,0.48534164147035724,0.293768096165112,0.18839333704070196,9675.030746761711
2026-03-02,0.48534164147035724,0.293768096165112,0.18839333704070196,9675.030746761711
2026-03-03,0.48534164147035724,0.293768096165112,0.18839333704070196,9675.030746761711
2026-03-04,0.48534164147035724,0.293768096165112,0.18839333704070196,9675.030746761711
2026-03-05,0.48534164147035724,0.293768096165112,0.18839333704070196,9675.030746761711
2026-03-06,0.48534164147035724,0.293768096165112,0.18839333704070196,9675.030746761711
2026-03-07,0.48534164147035724,0.293768096165112,0.18839333704070196,9675.030746761711
2026-03-08,0.48534164147035724,0.293768096165112,0.18839333704070196,9675.030746761711
2026-03-09,0.48534164147035724,0.293768096165112,0.18839333704070196,9675.030746761711
2026-03-10,0.48534164147035724,0.293768096165112,0.18839333704070196,9675.030746761711
2026-03-11,0.48534164147035724,0.293768096165112,0.18839333704070196,9675.030746761711
2026-03-12,0.48534164147035724,0.293768096165112,0.18839333704070196,9675.030746761711
2026-03-13,0.48534164147035724,0.293768096165112,0.18839333704070196,9675.030746761711
2026-03-14,0.48534164147035724,0.293768096165112,0.18839333704070196,9675.030746761711
2026-03-15,0.48534164147035724,0.293768096165112,0.18839333704070196,9675.030746761711
2026-03-16,0.48534164147035724,0.293768096165112,0.18839333704070196,9675.030746761711
2026-03-17,0.48534164147035724,0.293768096165112,0.18839333704070196,9675.030746761711
2026-03-18,0.48534164147035724,0.293768096165112,0.18839333704070196,9675.030746761711
2026-03-19,0.48534164147035724,0.293768096165112,0.18839333704070196,9675.030746761711
2026-03-20,0.48534164147035724,0.293768096165112,0.18839333704070196,9675.030746761711
2026-03-21,0.48534164147035724,0.293768096165112,0.18839333704070196,9675.030746761711
2026-03-22,0.48534164147035724,0.293768096165112,0.18839333704070196,9675.030746761711
2026-03-23,0.48534164147035724,0.293768096165112,0.18839333704070196,9675.030746761711
2026-03-24,0.48534164147035724,0.293768096165112,0.18839333704070196,9675.030746761711
2026-03-25,0.48534164147035724,0.293768096165112,0.18839333704070196,9675.030746761711
2026-03-26,0.48534164147035724,0.293768096165112,0.18839333704070196,9675.030746761711
2026-03-27,0.48534164147035724,0.293768096165112,0.18839333704070196,9675.030746761711
