aligned_time,pm_hist_market_count,pm_hist_mean_price,pm_hist_bullish_mean,pm_hist_bearish_mean,pm_hist_net_sentiment,pm_hist_liq_weighted_sentiment,pm_hist_avg_spread,pm_hist_total_liquidity,pm_hist_total_volume,pm_hist_dispersion,pm_hist_price_momentum_3d,pm_hist_price_vol_7d,pm_hist_event_risk
2024-03-28,0.0,,,,,,,,,,,,0.0
2024-03-29,0.0,,,,,,,,,,,,0.001367989056087593
2024-03-30,0.0,,,,,,,,,,,,0.002735978112175075
2024-03-31,0.0,,,,,,,,,,,,0.004103967168262668
2024-04-01,0.0,,,,,,,,,,,,0.005471956224350261
2024-04-02,0.0,,,,,,,,,,,,0.0068399452804377425
2024-04-03,0.0,,,,,,,,,,,,0.008207934336525335
2024-04-04,0.0,,,,,,,,,,,,0.009575923392612817
2024-04-05,0.0,,,,,,,,,,,,0.01094391244870041
2024-04-06,0.0,,,,,,,,,,,,0.012311901504788003
2024-04-07,0.0,,,,,,,,,,,,0.013679890560875485
2024-04-08,0.0,,,,,,,,,,,,0.015047879616963078
2024-04-09,0.0,,,,,,,,,,,,0.01641586867305067
2024-04-10,0.0,,,,,,,,,,,,0.017783857729138153
2024-04-11,0.0,,,,,,,,,,,,0.019151846785225746
2024-04-12,0.0,,,,,,,,,,,,0.020519835841313228
2024-04-13,0.0,,,,,,,,,,,,0.02188782489740082
2024-04-14,0.0,,,,,,,,,,,,0.023255813953488413
2024-04-15,0.0,,,,,,,,,,,,0.024623803009575895
2024-04-16,0.0,,,,,,,,,,,,0.025991792065663488
2024-04-17,0.0,,,,,,,,,,,,0.02735978112175108
2024-04-18,0.0,,,,,,,,,,,,0.028727770177838563
2024-04-19,0.0,,,,,,,,,,,,0.030095759233926156
2024-04-20,0.0,,,,,,,,,,,,0.03146374829001364
2024-04-21,0.0,,,,,,,,,,,,0.03283173734610123
2024-04-22,0.0,,,,,,,,,,,,0.034199726402188824
2024-04-23,0.0,,,,,,,,,,,,0.035567715458276306
2024-04-24,0.0,,,,,,,,,,,,0.0369357045143639
2024-04-25,0.0,,,,,,,,,,,,0.03830369357045149
2024-04-26,0.0,,,,,,,,,,,,0.03967168262653897
2024-04-27,0.0,,,,,,,,,,,,0.041039671682626566
2024-04-28,0.0,,,,,,,,,,,,0.04240766073871405
2024-04-29,0.0,,,,,,,,,,,,0.04377564979480164
2024-04-30,0.0,,,,,,,,,,,,0.045143638850889234
2024-05-01,0.0,,,,,,,,,,,,0.046511627906976716
2024-05-02,0.0,,,,,,,,,,,,0.04787961696306431
2024-05-03,0.0,,,,,,,,,,,,0.0492476060191519
2024-05-04,0.0,,,,,,,,,,,,0.050615595075239384
2024-05-05,0.0,,,,,,,,,,,,0.051983584131326976
2024-05-06,0.0,,,,,,,,,,,,0.05335157318741446
2024-05-07,0.0,,,,,,,,,,,,0.05471956224350205
2024-05-08,0.0,,,,,,,,,,,,0.056087551299589644
2024-05-09,0.0,,,,,,,,,,,,0.057455540355677126
2024-05-10,0.0,,,,,,,,,,,,0.05882352941176472
2024-05-11,0.0,,,,,,,,,,,,0.06019151846785231
2024-05-12,0.0,,,,,,,,,,,,0.061559507523939794
2024-05-13,0.0,,,,,,,,,,,,0.06292749658002739
2024-05-14,0.0,,,,,,,,,,,,0.06429548563611487
2024-05-15,0.0,,,,,,,,,,,,0.06566347469220246
2024-05-16,0.0,,,,,,,,,,,,0.06703146374829005
2024-05-17,0.0,,,,,,,,,,,,0.06839945280437754
2024-05-18,0.0,,,,,,,,,,,,0.06976744186046513
2024-05-19,0.0,,,,,,,,,,,,0.07113543091655272
2024-05-20,0.0,,,,,,,,,,,,0.0725034199726402
2024-05-21,0.0,,,,,,,,,,,,0.0738714090287278
2024-05-22,0.0,,,,,,,,,,,,0.07523939808481528
2024-05-23,0.0,,,,,,,,,,,,0.07660738714090287
2024-05-24,0.0,,,,,,,,,,,,0.07797537619699046
2024-05-25,0.0,,,,,,,,,,,,0.07934336525307795
2024-05-26,0.0,,,,,,,,,,,,0.08071135430916554
2024-05-27,0.0,,,,,,,,,,,,0.08207934336525313
2024-05-28,0.0,,,,,,,,,,,,0.08344733242134061
2024-05-29,0.0,,,,,,,,,,,,0.08481532147742821
2024-05-30,0.0,,,,,,,,,,,,0.08618331053351569
2024-05-31,0.0,,,,,,,,,,,,0.08755129958960328
2024-06-01,0.0,,,,,,,,,,,,0.08891928864569087
2024-06-02,0.0,,,,,,,,,,,,0.09028727770177836
2024-06-03,0.0,,,,,,,,,,,,0.09165526675786595
2024-06-04,0.0,,,,,,,,,,,,0.09302325581395354
2024-06-05,0.0,,,,,,,,,,,,0.09439124487004102
2024-06-06,0.0,,,,,,,,,,,,0.09575923392612862
2024-06-07,0.0,,,,,,,,,,,,0.0971272229822161
2024-06-08,0.0,,,,,,,,,,,,0.09849521203830369
2024-06-09,0.0,,,,,,,,,,,,0.09986320109439129
2024-06-10,0.0,,,,,,,,,,,,0.10123119015047877
2024-06-11,0.0,,,,,,,,,,,,0.10259917920656636
2024-06-12,0.0,,,,,,,,,,,,0.10396716826265395
2024-06-13,0.0,,,,,,,,,,,,0.10533515731874143
2024-06-14,0.0,,,,,,,,,,,,0.10670314637482903
2024-06-15,0.0,,,,,,,,,,,,0.10807113543091651
2024-06-16,0.0,,,,,,,,,,,,0.1094391244870041
2024-06-17,0.0,,,,,,,,,,,,0.1108071135430917
2024-06-18,0.0,,,,,,,,,,,,0.11217510259917918
2024-06-19,0.0,,,,,,,,,,,,0.11354309165526677
2024-06-20,0.0,,,,,,,,,,,,0.11491108071135436
2024-06-21,0.0,,,,,,,,,,,,0.11627906976744184
2024-06-22,0.0,,,,,,,,,,,,0.11764705882352944
2024-06-23,0.0,,,,,,,,,,,,0.11901504787961692
2024-06-24,0.0,,,,,,,,,,,,0.12038303693570451
2024-06-25,0.0,,,,,,,,,,,,0.1217510259917921
2024-06-26,0.0,,,,,,,,,,,,0.12311901504787959
2024-06-27,0.0,,,,,,,,,,,,0.12448700410396718
2024-06-28,0.0,,,,,,,,,,,,0.12585499316005477
2024-06-29,0.0,,,,,,,,,,,,0.12722298221614226
2024-06-30,0.0,,,,,,,,,,,,0.12859097127222985
2024-07-01,0.0,,,,,,,,,,,,0.12995896032831733
2024-07-02,0.0,,,,,,,,,,,,0.13132694938440492
2024-07-03,0.0,,,,,,,,,,,,0.13269493844049252
2024-07-04,0.0,,,,,,,,,,,,0.13406292749658
2024-07-05,0.0,,,,,,,,,,,,0.1354309165526676
2024-07-06,0.0,,,,,,,,,,,,0.13679890560875518
2024-07-07,0.0,,,,,,,,,,,,0.13816689466484267
2024-07-08,0.0,,,,,,,,,,,,0.13953488372093026
2024-07-09,0.0,,,,,,,,,,,,0.14090287277701774
2024-07-10,0.0,,,,,,,,,,,,0.14227086183310533
2024-07-11,0.0,,,,,,,,,,,,0.14363885088919293
2024-07-12,0.0,,,,,,,,,,,,0.1450068399452804
2024-07-13,0.0,,,,,,,,,,,,0.146374829001368
2024-07-14,0.0,,,,,,,,,,,,0.1477428180574556
2024-07-15,0.0,,,,,,,,,,,,0.14911080711354308
2024-07-16,0.0,,,,,,,,,,,,0.15047879616963067
2024-07-17,0.0,,,,,,,,,,,,0.15184678522571815
2024-07-18,0.0,,,,,,,,,,,,0.15321477428180574
2024-07-19,0.0,,,,,,,,,,,,0.15458276333789334
2024-07-20,0.0,,,,,,,,,,,,0.15595075239398082
2024-07-21,0.0,,,,,,,,,,,,0.1573187414500684
2024-07-22,0.0,,,,,,,,,,,,0.158686730506156
2024-07-23,0.0,,,,,,,,,,,,0.16005471956224349
2024-07-24,0.0,,,,,,,,,,,,0.16142270861833108
2024-07-25,0.0,,,,,,,,,,,,0.16279069767441856
2024-07-26,0.0,,,,,,,,,,,,0.16415868673050615
2024-07-27,0.0,,,,,,,,,,,,0.16552667578659375
2024-07-28,0.0,,,,,,,,,,,,0.16689466484268123
2024-07-29,0.0,,,,,,,,,,,,0.16826265389876882
2024-07-30,0.0,,,,,,,,,,,,0.16963064295485641
2024-07-31,0.0,,,,,,,,,,,,0.1709986320109439
2024-08-01,0.0,,,,,,,,,,,,0.1723666210670315
2024-08-02,0.0,,,,,,,,,,,,0.17373461012311897
2024-08-03,0.0,,,,,,,,,,,,0.17510259917920656
2024-08-04,0.0,,,,,,,,,,,,0.17647058823529416
2024-08-05,0.0,,,,,,,,,,,,0.17783857729138164
2024-08-06,0.0,,,,,,,,,,,,0.17920656634746923
2024-08-07,0.0,,,,,,,,,,,,0.18057455540355682
2024-08-08,0.0,,,,,,,,,,,,0.1819425444596443
2024-08-09,0.0,,,,,,,,,,,,0.1833105335157319
2024-08-10,0.0,,,,,,,,,,,,0.18467852257181938
2024-08-11,0.0,,,,,,,,,,,,0.18604651162790697
2024-08-12,0.0,,,,,,,,,,,,0.18741450068399457
2024-08-13,0.0,,,,,,,,,,,,0.18878248974008205
2024-08-14,0.0,,,,,,,,,,,,0.19015047879616964
2024-08-15,0.0,,,,,,,,,,,,0.19151846785225723
2024-08-16,0.0,,,,,,,,,,,,0.19288645690834472
2024-08-17,0.0,,,,,,,,,,,,0.1942544459644323
2024-08-18,0.0,,,,,,,,,,,,0.1956224350205198
2024-08-19,0.0,,,,,,,,,,,,0.19699042407660738
2024-08-20,0.0,,,,,,,,,,,,0.19835841313269498
2024-08-21,0.0,,,,,,,,,,,,0.19972640218878246
2024-08-22,0.0,,,,,,,,,,,,0.20109439124487005
2024-08-23,0.0,,,,,,,,,,,,0.20246238030095765
2024-08-24,0.0,,,,,,,,,,,,0.20383036935704513
2024-08-25,0.0,,,,,,,,,,,,0.20519835841313272
2024-08-26,0.0,,,,,,,,,,,,0.2065663474692202
2024-08-27,0.0,,,,,,,,,,,,0.2079343365253078
2024-08-28,0.0,,,,,,,,,,,,0.2093023255813954
2024-08-29,0.0,,,,,,,,,,,,0.21067031463748287
2024-08-30,0.0,,,,,,,,,,,,0.21203830369357046
2024-08-31,0.0,,,,,,,,,,,,0.21340629274965806
2024-09-01,0.0,,,,,,,,,,,,0.21477428180574554
2024-09-02,0.0,,,,,,,,,,,,0.21614227086183313
2024-09-03,0.0,,,,,,,,,,,,0.2175102599179206
2024-09-04,0.0,,,,,,,,,,,,0.2188782489740082
2024-09-05,0.0,,,,,,,,,,,,0.2202462380300958
2024-09-06,0.0,,,,,,,,,,,,0.22161422708618328
2024-09-07,0.0,,,,,,,,,,,,0.22298221614227087
2024-09-08,0.0,,,,,,,,,,,,0.22435020519835847
2024-09-09,0.0,,,,,,,,,,,,0.22571819425444595
2024-09-10,0.0,,,,,,,,,,,,0.22708618331053354
2024-09-11,0.0,,,,,,,,,,,,0.22845417236662102
2024-09-12,0.0,,,,,,,,,,,,0.22982216142270862
2024-09-13,0.0,,,,,,,,,,,,0.2311901504787962
2024-09-14,0.0,,,,,,,,,,,,0.2325581395348837
2024-09-15,0.0,,,,,,,,,,,,0.23392612859097128
2024-09-16,0.0,,,,,,,,,,,,0.23529411764705888
2024-09-17,0.0,,,,,,,,,,,,0.23666210670314636
2024-09-18,0.0,,,,,,,,,,,,0.23803009575923395
2024-09-19,0.0,,,,,,,,,,,,0.23939808481532143
2024-09-20,0.0,,,,,,,,,,,,0.24076607387140903
2024-09-21,0.0,,,,,,,,,,,,0.24213406292749662
2024-09-22,0.0,,,,,,,,,,,,0.2435020519835841
2024-09-23,0.0,,,,,,,,,,,,0.2448700410396717
2024-09-24,0.0,,,,,,,,,,,,0.24623803009575929
2024-09-25,0.0,,,,,,,,,,,,0.24760601915184677
2024-09-26,0.0,,,,,,,,,,,,0.24897400820793436
2024-09-27,0.0,,,,,,,,,,,,0.25034199726402184
2024-09-28,0.0,,,,,,,,,,,,0.25170998632010944
2024-09-29,0.0,,,,,,,,,,,,0.25307797537619703
2024-09-30,0.0,,,,,,,,,,,,0.2544459644322845
2024-10-01,0.0,,,,,,,,,,,,0.2558139534883721
2024-10-02,0.0,,,,,,,,,,,,0.2571819425444597
2024-10-03,0.0,,,,,,,,,,,,0.2585499316005472
2024-10-04,0.0,,,,,,,,,,,,0.25991792065663477
2024-10-05,0.0,,,,,,,,,,,,0.26128590971272225
2024-10-06,0.0,,,,,,,,,,,,0.26265389876880985
2024-10-07,0.0,,,,,,,,,,,,0.26402188782489744
2024-10-08,0.0,,,,,,,,,,,,0.2653898768809849
2024-10-09,0.0,,,,,,,,,,,,0.2667578659370725
2024-10-10,0.0,,,,,,,,,,,,0.2681258549931601
2024-10-11,0.0,,,,,,,,,,,,0.2694938440492476
2024-10-12,0.0,,,,,,,,,,,,0.2708618331053352
2024-10-13,0.0,,,,,,,,,,,,0.27222982216142266
2024-10-14,0.0,,,,,,,,,,,,0.27359781121751026
2024-10-15,0.0,,,,,,,,,,,,0.27496580027359785
2024-10-16,0.0,,,,,,,,,,,,0.27633378932968533
2024-10-17,0.0,,,,,,,,,,,,0.2777017783857729
2024-10-18,0.0,,,,,,,,,,,,0.2790697674418605
2024-10-19,0.0,,,,,,,,,,,,0.280437756497948
2024-10-20,0.0,,,,,,,,,,,,0.2818057455540356
2024-10-21,0.0,,,,,,,,,,,,0.2831737346101231
2024-10-22,0.0,,,,,,,,,,,,0.28454172366621067
2024-10-23,0.0,,,,,,,,,,,,0.28590971272229826
2024-10-24,0.0,,,,,,,,,,,,0.28727770177838574
2024-10-25,0.0,,,,,,,,,,,,0.28864569083447333
2024-10-26,0.0,,,,,,,,,,,,0.2900136798905609
2024-10-27,0.0,,,,,,,,,,,,0.2913816689466484
2024-10-28,0.0,,,,,,,,,,,,0.292749658002736
2024-10-29,0.0,,,,,,,,,,,,0.2941176470588235
2024-10-30,0.0,,,,,,,,,,,,0.2954856361149111
2024-10-31,0.0,,,,,,,,,,,,0.29685362517099867
2024-11-01,0.0,,,,,,,,,,,,0.29822161422708615
2024-11-02,0.0,,,,,,,,,,,,0.29958960328317374
2024-11-03,0.0,,,,,,,,,,,,0.30095759233926134
2024-11-04,0.0,,,,,,,,,,,,0.3023255813953488
2024-11-05,0.0,,,,,,,,,,,,0.3036935704514364
2024-11-06,0.0,,,,,,,,,,,,0.3050615595075239
2024-11-07,0.0,,,,,,,,,,,,0.3064295485636115
2024-11-08,0.0,,,,,,,,,,,,0.3077975376196991
2024-11-09,0.0,,,,,,,,,,,,0.30916552667578656
2024-11-10,0.0,,,,,,,,,,,,0.31053351573187415
2024-11-11,0.0,,,,,,,,,,,,0.31190150478796175
2024-11-12,0.0,,,,,,,,,,,,0.31326949384404923
2024-11-13,0.0,,,,,,,,,,,,0.3146374829001368
2024-11-14,0.0,,,,,,,,,,,,0.3160054719562243
2024-11-15,0.0,,,,,,,,,,,,0.3173734610123119
2024-11-16,0.0,,,,,,,,,,,,0.3187414500683995
2024-11-17,0.0,,,,,,,,,,,,0.32010943912448697
2024-11-18,0.0,,,,,,,,,,,,0.32147742818057456
2024-11-19,0.0,,,,,,,,,,,,0.32284541723666216
2024-11-20,0.0,,,,,,,,,,,,0.32421340629274964
2024-11-21,0.0,,,,,,,,,,,,0.32558139534883723
2024-11-22,0.0,,,,,,,,,,,,0.3269493844049247
2024-11-23,0.0,,,,,,,,,,,,0.3283173734610123
2024-11-24,0.0,,,,,,,,,,,,0.3296853625170999
2024-11-25,0.0,,,,,,,,,,,,0.3310533515731874
2024-11-26,0.0,,,,,,,,,,,,0.332421340629275
2024-11-27,0.0,,,,,,,,,,,,0.33378932968536257
2024-11-28,0.0,,,,,,,,,,,,0.33515731874145005
2024-11-29,0.0,,,,,,,,,,,,0.33652530779753764
2024-11-30,0.0,,,,,,,,,,,,0.3378932968536251
2024-12-01,0.0,,,,,,,,,,,,0.3392612859097127
2024-12-02,0.0,,,,,,,,,,,,0.3406292749658003
2024-12-03,0.0,,,,,,,,,,,,0.3419972640218878
2024-12-04,0.0,,,,,,,,,,,,0.3433652530779754
2024-12-05,0.0,,,,,,,,,,,,0.344733242134063
2024-12-06,0.0,,,,,,,,,,,,0.34610123119015046
2024-12-07,0.0,,,,,,,,,,,,0.34746922024623805
2024-12-08,0.0,,,,,,,,,,,,0.34883720930232553
2024-12-09,0.0,,,,,,,,,,,,0.35020519835841313
2024-12-10,0.0,,,,,,,,,,,,0.3515731874145007
2024-12-11,0.0,,,,,,,,,,,,0.3529411764705882
2024-12-12,0.0,,,,,,,,,,,,0.3543091655266758
2024-12-13,0.0,,,,,,,,,,,,0.3556771545827634
2024-12-14,0.0,,,,,,,,,,,,0.35704514363885087
2024-12-15,0.0,,,,,,,,,,,,0.35841313269493846
2024-12-16,0.0,,,,,,,,,,,,0.35978112175102595
2024-12-17,0.0,,,,,,,,,,,,0.36114911080711354
2024-12-18,0.0,,,,,,,,,,,,0.36251709986320113
2024-12-19,0.0,,,,,,,,,,,,0.3638850889192886
2024-12-20,0.0,,,,,,,,,,,,0.3652530779753762
2024-12-21,0.0,,,,,,,,,,,,0.3666210670314638
2024-12-22,0.0,,,,,,,,,,,,0.3679890560875513
2024-12-23,0.0,,,,,,,,,,,,0.3693570451436389
2024-12-24,0.0,,,,,,,,,,,,0.37072503419972636
2024-12-25,0.0,,,,,,,,,,,,0.37209302325581395
2024-12-26,0.0,,,,,,,,,,,,0.37346101231190154
2024-12-27,0.0,,,,,,,,,,,,0.374829001367989
2024-12-28,0.0,,,,,,,,,,,,0.3761969904240766
2024-12-29,0.0,,,,,,,,,,,,0.3775649794801642
2024-12-30,0.0,,,,,,,,,,,,0.3789329685362517
2024-12-31,0.0,,,,,,,,,,,,0.3803009575923393
2025-01-01,0.0,,,,,,,,,,,,0.38166894664842677
2025-01-02,0.0,,,,,,,,,,,,0.38303693570451436
2025-01-03,0.0,,,,,,,,,,,,0.38440492476060195
2025-01-04,0.0,,,,,,,,,,,,0.38577291381668943
2025-01-05,0.0,,,,,,,,,,,,0.387140902872777
2025-01-06,0.0,,,,,,,,,,,,0.3885088919288646
2025-01-07,0.0,,,,,,,,,,,,0.3898768809849521
2025-01-08,0.0,,,,,,,,,,,,0.3912448700410397
2025-01-09,0.0,,,,,,,,,,,,0.3926128590971272
2025-01-10,0.0,,,,,,,,,,,,0.39398084815321477
2025-01-11,0.0,,,,,,,,,,,,0.39534883720930236
2025-01-12,0.0,,,,,,,,,,,,0.39671682626538984
2025-01-13,0.0,,,,,,,,,,,,0.39808481532147744
2025-01-14,0.0,,,,,,,,,,,,0.39945280437756503
2025-01-15,0.0,,,,,,,,,,,,0.4008207934336525
2025-01-16,0.0,,,,,,,,,,,,0.4021887824897401
2025-01-17,0.0,,,,,,,,,,,,0.4035567715458276
2025-01-18,0.0,,,,,,,,,,,,0.4049247606019152
2025-01-19,0.0,,,,,,,,,,,,0.40629274965800277
2025-01-20,0.0,,,,,,,,,,,,0.40766073871409025
2025-01-21,0.0,,,,,,,,,,,,0.40902872777017785
2025-01-22,0.0,,,,,,,,,,,,0.41039671682626544
2025-01-23,0.0,,,,,,,,,,,,0.4117647058823529
2025-01-24,0.0,,,,,,,,,,,,0.4131326949384405
2025-01-25,0.0,,,,,,,,,,,,0.414500683994528
2025-01-26,0.0,,,,,,,,,,,,0.4158686730506156
2025-01-27,0.0,,,,,,,,,,,,0.4172366621067032
2025-01-28,0.0,,,,,,,,,,,,0.41860465116279066
2025-01-29,0.0,,,,,,,,,,,,0.41997264021887826
2025-01-30,0.0,,,,,,,,,,,,0.42134062927496585
2025-01-31,0.0,,,,,,,,,,,,0.42270861833105333
2025-02-01,0.0,,,,,,,,,,,,0.4240766073871409
2025-02-02,0.0,,,,,,,,,,,,0.4254445964432284
2025-02-03,0.0,,,,,,,,,,,,0.426812585499316
2025-02-04,0.0,,,,,,,,,,,,0.4281805745554036
2025-02-05,0.0,,,,,,,,,,,,0.4295485636114911
2025-02-06,0.0,,,,,,,,,,,,0.43091655266757867
2025-02-07,0.0,,,,,,,,,,,,0.43228454172366626
2025-02-08,0.0,,,,,,,,,,,,0.43365253077975374
2025-02-09,0.0,,,,,,,,,,,,0.43502051983584133
2025-02-10,0.0,,,,,,,,,,,,0.4363885088919288
2025-02-11,0.0,,,,,,,,,,,,0.4377564979480164
2025-02-12,0.0,,,,,,,,,,,,0.439124487004104
2025-02-13,0.0,,,,,,,,,,,,0.4404924760601915
2025-02-14,0.0,,,,,,,,,,,,0.4418604651162791
2025-02-15,0.0,,,,,,,,,,,,0.44322845417236667
2025-02-16,0.0,,,,,,,,,,,,0.44459644322845415
2025-02-17,0.0,,,,,,,,,,,,0.44596443228454175
2025-02-18,0.0,,,,,,,,,,,,0.4473324213406292
2025-02-19,0.0,,,,,,,,,,,,0.4487004103967168
2025-02-20,0.0,,,,,,,,,,,,0.4500683994528044
2025-02-21,0.0,,,,,,,,,,,,0.4514363885088919
2025-02-22,0.0,,,,,,,,,,,,0.4528043775649795
2025-02-23,0.0,,,,,,,,,,,,0.4541723666210671
2025-02-24,0.0,,,,,,,,,,,,0.45554035567715456
2025-02-25,0.0,,,,,,,,,,,,0.45690834473324216
2025-02-26,0.0,,,,,,,,,,,,0.45827633378932964
2025-02-27,0.0,,,,,,,,,,,,0.45964432284541723
2025-02-28,0.0,,,,,,,,,,,,0.4610123119015048
2025-03-01,0.0,,,,,,,,,,,,0.4623803009575923
2025-03-02,0.0,,,,,,,,,,,,0.4637482900136799
2025-03-03,0.0,,,,,,,,,,,,0.4651162790697675
2025-03-04,0.0,,,,,,,,,,,,0.466484268125855
2025-03-05,0.0,,,,,,,,,,,,0.46785225718194257
2025-03-06,0.0,,,,,,,,,,,,0.46922024623803005
2025-03-07,0.0,,,,,,,,,,,,0.47058823529411764
2025-03-08,0.0,,,,,,,,,,,,0.47195622435020523
2025-03-09,0.0,,,,,,,,,,,,0.4733242134062927
2025-03-10,0.0,,,,,,,,,,,,0.4746922024623803
2025-03-11,0.0,,,,,,,,,,,,0.4760601915184679
2025-03-12,0.0,,,,,,,,,,,,0.4774281805745554
2025-03-13,0.0,,,,,,,,,,,,0.478796169630643
2025-03-14,0.0,,,,,,,,,,,,0.48016415868673046
2025-03-15,0.0,,,,,,,,,,,,0.48153214774281805
2025-03-16,0.0,,,,,,,,,,,,0.48290013679890564
2025-03-17,0.0,,,,,,,,,,,,0.4842681258549931
2025-03-18,0.0,,,,,,,,,,,,0.4856361149110807
2025-03-19,0.0,,,,,,,,,,,,0.4870041039671683
2025-03-20,0.0,,,,,,,,,,,,0.4883720930232558
2025-03-21,0.0,,,,,,,,,,,,0.4897400820793434
2025-03-22,0.0,,,,,,,,,,,,0.49110807113543087
2025-03-23,0.0,,,,,,,,,,,,0.49247606019151846
2025-03-24,0.0,,,,,,,,,,,,0.49384404924760605
2025-03-25,0.0,,,,,,,,,,,,0.49521203830369354
2025-03-26,0.0,,,,,,,,,,,,0.49658002735978113
2025-03-27,0.0,,,,,,,,,,,,0.4979480164158687
2025-03-28,0.0,,,,,,,,,,,,0.4993160054719562
2025-03-29,0.0,,,,,,,,,,,,0.5006839945280438
2025-03-30,0.0,,,,,,,,,,,,0.5020519835841313
2025-03-31,0.0,,,,,,,,,,,,0.5034199726402189
2025-04-01,0.0,,,,,,,,,,,,0.5047879616963065
2025-04-02,0.0,,,,,,,,,,,,0.5061559507523941
2025-04-03,0.0,,,,,,,,,,,,0.5075239398084815
2025-04-04,0.0,,,,,,,,,,,,0.508891928864569
2025-04-05,0.0,,,,,,,,,,,,0.5102599179206566
2025-04-06,0.0,,,,,,,,,,,,0.5116279069767442
2025-04-07,0.0,,,,,,,,,,,,0.5129958960328318
2025-04-08,0.0,,,,,,,,,,,,0.5143638850889193
2025-04-09,0.0,,,,,,,,,,,,0.5157318741450068
2025-04-10,0.0,,,,,,,,,,,,0.5170998632010944
2025-04-11,0.0,,,,,,,,,,,,0.518467852257182
2025-04-12,0.0,,,,,,,,,,,,0.5198358413132695
2025-04-13,0.0,,,,,,,,,,,,0.521203830369357
2025-04-14,0.0,,,,,,,,,,,,0.5225718194254446
2025-04-15,0.0,,,,,,,,,,,,0.5239398084815321
2025-04-16,0.0,,,,,,,,,,,,0.5253077975376197
2025-04-17,0.0,,,,,,,,,,,,0.5266757865937073
2025-04-18,0.0,,,,,,,,,,,,0.5280437756497949
2025-04-19,0.0,,,,,,,,,,,,0.5294117647058824
2025-04-20,0.0,,,,,,,,,,,,0.5307797537619698
2025-04-21,0.0,,,,,,,,,,,,0.5321477428180574
2025-04-22,0.0,,,,,,,,,,,,0.533515731874145
2025-04-23,0.0,,,,,,,,,,,,0.5348837209302326
2025-04-24,0.0,,,,,,,,,,,,0.5362517099863201
2025-04-25,0.0,,,,,,,,,,,,0.5376196990424076
2025-04-26,0.0,,,,,,,,,,,,0.5389876880984952
2025-04-27,0.0,,,,,,,,,,,,0.5403556771545828
2025-04-28,0.0,,,,,,,,,,,,0.5417236662106704
2025-04-29,0.0,,,,,,,,,,,,0.5430916552667578
2025-04-30,0.0,,,,,,,,,,,,0.5444596443228454
2025-05-01,0.0,,,,,,,,,,,,0.5458276333789329
2025-05-02,0.0,,,,,,,,,,,,0.5471956224350205
2025-05-03,0.0,,,,,,,,,,,,0.5485636114911081
2025-05-04,0.0,,,,,,,,,,,,0.5499316005471957
2025-05-05,0.0,,,,,,,,,,,,0.5512995896032832
2025-05-06,0.0,,,,,,,,,,,,0.5526675786593707
2025-05-07,0.0,,,,,,,,,,,,0.5540355677154583
2025-05-08,0.0,,,,,,,,,,,,0.5554035567715458
2025-05-09,0.0,,,,,,,,,,,,0.5567715458276334
2025-05-10,0.0,,,,,,,,,,,,0.5581395348837209
2025-05-11,0.0,,,,,,,,,,,,0.5595075239398084
2025-05-12,0.0,,,,,,,,,,,,0.560875512995896
2025-05-13,0.0,,,,,,,,,,,,0.5622435020519836
2025-05-14,0.0,,,,,,,,,,,,0.5636114911080712
2025-05-15,0.0,,,,,,,,,,,,0.5649794801641587
2025-05-16,0.0,,,,,,,,,,,,0.5663474692202463
2025-05-17,0.0,,,,,,,,,,,,0.5677154582763337
2025-05-18,0.0,,,,,,,,,,,,0.5690834473324213
2025-05-19,0.0,,,,,,,,,,,,0.5704514363885089
2025-05-20,0.0,,,,,,,,,,,,0.5718194254445965
2025-05-21,0.0,,,,,,,,,,,,0.573187414500684
2025-05-22,0.0,,,,,,,,,,,,0.5745554035567715
2025-05-23,0.0,,,,,,,,,,,,0.5759233926128591
2025-05-24,0.0,,,,,,,,,,,,0.5772913816689467
2025-05-25,0.0,,,,,,,,,,,,0.5786593707250343
2025-05-26,0.0,,,,,,,,,,,,0.5800273597811217
2025-05-27,0.0,,,,,,,,,,,,0.5813953488372092
2025-05-28,0.0,,,,,,,,,,,,0.5827633378932968
2025-05-29,0.0,,,,,,,,,,,,0.5841313269493844
2025-05-30,0.0,,,,,,,,,,,,0.585499316005472
2025-05-31,0.0,,,,,,,,,,,,0.5868673050615595
2025-06-01,0.0,,,,,,,,,,,,0.5882352941176471
2025-06-02,0.0,,,,,,,,,,,,0.5896032831737346
2025-06-03,0.0,,,,,,,,,,,,0.5909712722298222
2025-06-04,0.0,,,,,,,,,,,,0.5923392612859097
2025-06-05,0.0,,,,,,,,,,,,0.5937072503419973
2025-06-06,0.0,,,,,,,,,,,,0.5950752393980848
2025-06-07,0.0,,,,,,,,,,,,0.5964432284541723
2025-06-08,0.0,,,,,,,,,,,,0.5978112175102599
2025-06-09,0.0,,,,,,,,,,,,0.5991792065663475
2025-06-10,0.0,,,,,,,,,,,,0.6005471956224351
2025-06-11,0.0,,,,,,,,,,,,0.6019151846785226
2025-06-12,0.0,,,,,,,,,,,,0.60328317373461
2025-06-13,0.0,,,,,,,,,,,,0.6046511627906976
2025-06-14,0.0,,,,,,,,,,,,0.6060191518467852
2025-06-15,0.0,,,,,,,,,,,,0.6073871409028728
2025-06-16,0.0,,,,,,,,,,,,0.6087551299589603
2025-06-17,0.0,,,,,,,,,,,,0.6101231190150479
2025-06-18,0.0,,,,,,,,,,,,0.6114911080711354
2025-06-19,0.0,,,,,,,,,,,,0.612859097127223
2025-06-20,0.0,,,,,,,,,,,,0.6142270861833106
2025-06-21,0.0,,,,,,,,,,,,0.6155950752393982
2025-06-22,0.0,,,,,,,,,,,,0.6169630642954856
2025-06-23,0.0,,,,,,,,,,,,0.6183310533515731
2025-06-24,0.0,,,,,,,,,,,,0.6196990424076607
2025-06-25,0.0,,,,,,,,,,,,0.6210670314637483
2025-06-26,0.0,,,,,,,,,,,,0.6224350205198359
2025-06-27,0.0,,,,,,,,,,,,0.6238030095759234
2025-06-28,0.0,,,,,,,,,,,,0.6251709986320109
2025-06-29,0.0,,,,,,,,,,,,0.6265389876880985
2025-06-30,0.0,,,,,,,,,,,,0.627906976744186
2025-07-01,0.0,,,,,,,,,,,,0.6292749658002736
2025-07-02,0.0,,,,,,,,,,,,0.6306429548563611
2025-07-03,0.0,,,,,,,,,,,,0.6320109439124487
2025-07-04,0.0,,,,,,,,,,,,0.6333789329685362
2025-07-05,0.0,,,,,,,,,,,,0.6347469220246238
2025-07-06,0.0,,,,,,,,,,,,0.6361149110807114
2025-07-07,0.0,,,,,,,,,,,,0.637482900136799
2025-07-08,0.0,,,,,,,,,,,,0.6388508891928865
2025-07-09,0.0,,,,,,,,,,,,0.6402188782489739
2025-07-10,0.0,,,,,,,,,,,,0.6415868673050615
2025-07-11,0.0,,,,,,,,,,,,0.6429548563611491
2025-07-12,0.0,,,,,,,,,,,,0.6443228454172367
2025-07-13,0.0,,,,,,,,,,,,0.6456908344733242
2025-07-14,0.0,,,,,,,,,,,,0.6470588235294117
2025-07-15,0.0,,,,,,,,,,,,0.6484268125854993
2025-07-16,0.0,,,,,,,,,,,,0.6497948016415869
2025-07-17,0.0,,,,,,,,,,,,0.6511627906976745
2025-07-18,0.0,,,,,,,,,,,,0.652530779753762
2025-07-19,0.0,,,,,,,,,,,,0.6538987688098495
2025-07-20,0.0,,,,,,,,,,,,0.655266757865937
2025-07-21,0.0,,,,,,,,,,,,0.6566347469220246
2025-07-22,0.0,,,,,,,,,,,,0.6580027359781122
2025-07-23,0.0,,,,,,,,,,,,0.6593707250341998
2025-07-24,0.0,,,,,,,,,,,,0.6607387140902873
2025-07-25,0.0,,,,,,,,,,,,0.6621067031463748
2025-07-26,0.0,,,,,,,,,,,,0.6634746922024624
2025-07-27,0.0,,,,,,,,,,,,0.66484268125855
2025-07-28,0.0,,,,,,,,,,,,0.6662106703146375
2025-07-29,0.0,,,,,,,,,,,,0.667578659370725
2025-07-30,0.0,,,,,,,,,,,,0.6689466484268125
2025-07-31,0.0,,,,,,,,,,,,0.6703146374829001
2025-08-01,0.0,,,,,,,,,,,,0.6716826265389877
2025-08-02,0.0,,,,,,,,,,,,0.6730506155950753
2025-08-03,0.0,,,,,,,,,,,,0.6744186046511628
2025-08-04,0.0,,,,,,,,,,,,0.6757865937072504
2025-08-05,0.0,,,,,,,,,,,,0.6771545827633378
2025-08-06,0.0,,,,,,,,,,,,0.6785225718194254
2025-08-07,0.0,,,,,,,,,,,,0.679890560875513
2025-08-08,0.0,,,,,,,,,,,,0.6812585499316006
2025-08-09,0.0,,,,,,,,,,,,0.6826265389876881
2025-08-10,0.0,,,,,,,,,,,,0.6839945280437756
2025-08-11,0.0,,,,,,,,,,,,0.6853625170998632
2025-08-12,0.0,,,,,,,,,,,,0.6867305061559508
2025-08-13,0.0,,,,,,,,,,,,0.6880984952120384
2025-08-14,0.0,,,,,,,,,,,,0.6894664842681258
2025-08-15,0.0,,,,,,,,,,,,0.6908344733242133
2025-08-16,0.0,,,,,,,,,,,,0.6922024623803009
2025-08-17,0.0,,,,,,,,,,,,0.6935704514363885
2025-08-18,0.0,,,,,,,,,,,,0.6949384404924761
2025-08-19,0.0,,,,,,,,,,,,0.6963064295485636
2025-08-20,0.0,,,,,,,,,,,,0.6976744186046512
2025-08-21,0.0,,,,,,,,,,,,0.6990424076607387
2025-08-22,0.0,,,,,,,,,,,,0.7004103967168263
2025-08-23,0.0,,,,,,,,,,,,0.7017783857729138
2025-08-24,0.0,,,,,,,,,,,,0.7031463748290014
2025-08-25,0.0,,,,,,,,,,,,0.7045143638850889
2025-08-26,0.0,,,,,,,,,,,,0.7058823529411764
2025-08-27,0.0,,,,,,,,,,,,0.707250341997264
2025-08-28,0.0,,,,,,,,,,,,0.7086183310533516
2025-08-29,0.0,,,,,,,,,,,,0.7099863201094392
2025-08-30,0.0,,,,,,,,,,,,0.7113543091655267
2025-08-31,0.0,,,,,,,,,,,,0.7127222982216141
2025-09-01,0.0,,,,,,,,,,,,0.7140902872777017
2025-09-02,0.0,,,,,,,,,,,,0.7154582763337893
2025-09-03,0.0,,,,,,,,,,,,0.7168262653898769
2025-09-04,0.0,,,,,,,,,,,,0.7181942544459644
2025-09-05,0.0,,,,,,,,,,,,0.719562243502052
2025-09-06,0.0,,,,,,,,,,,,0.7209302325581395
2025-09-07,0.0,,,,,,,,,,,,0.7222982216142271
2025-09-08,0.0,,,,,,,,,,,,0.7236662106703147
2025-09-09,0.0,,,,,,,,,,,,0.7250341997264023
2025-09-10,0.0,,,,,,,,,,,,0.7264021887824897
2025-09-11,0.0,,,,,,,,,,,,0.7277701778385772
2025-09-12,0.0,,,,,,,,,,,,0.7291381668946648
2025-09-13,0.0,,,,,,,,,,,,0.7305061559507524
2025-09-14,0.0,,,,,,,,,,,,0.73187414500684
2025-09-15,0.0,,,,,,,,,,,,0.7332421340629275
2025-09-16,0.0,,,,,,,,,,,,0.734610123119015
2025-09-17,0.0,,,,,,,,,,,,0.7359781121751026
2025-09-18,4.0,0.5,,,0.0,0.0,0.001,6152978.75205,69536628.14866418,0.0,,,0.7373461012311902
2025-09-19,4.0,0.039875,,,0.0,0.0,0.001,6152978.75205,69536628.14866418,0.019884562689014142,,,0.7387140902872777
2025-09-20,4.0,0.025500000000000002,,,0.0,0.0,0.001,6152978.75205,69536628.14866418,0.02033879708012907,,,0.7400820793433652
2025-09-21,4.0,0.014875,,,0.0,0.0,0.001,6152978.75205,69536628.14866418,0.006142407237123461,-0.48512500000000003,,0.7414500683994528
2025-09-22,4.0,0.010125,,,0.0,0.0,0.001,6152978.75205,69536628.14866418,0.003705289012569285,-0.02975,,0.7428180574555403
2025-09-23,4.0,0.009125,,,0.0,0.0,0.001,6152978.75205,69536628.14866418,0.0028099525500145605,-0.016375,,0.7441860465116279
2025-09-24,4.0,0.008875000000000001,,,0.0,0.0,0.001,6152978.75205,69536628.14866418,0.0029261749776799064,-0.005999999999999998,,0.7455540355677155
2025-09-25,4.0,0.00825,,,0.0,0.0,0.001,6152978.75205,69536628.14866418,0.002901149197588202,-0.001875,0.172004420970315,0.7469220246238031
2025-09-26,4.0,0.007625,,,0.0,0.0,0.001,6152978.75205,69536628.14866418,0.0020564937798755113,-0.0014999999999999996,0.0057060953207538805,0.7482900136798906
2025-09-27,4.0,0.0075,,,0.0,0.0,0.001,6152978.75205,69536628.14866418,0.002273030282830976,-0.0013750000000000012,0.0038950136010528318,0.749658002735978
2025-09-28,4.0,0.00675,,,0.0,0.0,0.001,6152978.75205,69536628.14866418,0.0018484227510682362,-0.0015000000000000005,0.0016100502801985844,0.7510259917920656
2025-09-29,4.0,0.0052499999999999995,,,0.0,0.0,0.001,6152978.75205,69536628.14866418,0.0010408329997330665,-0.0023750000000000004,0.0004612999231013065,0.7523939808481532
2025-09-30,4.0,0.00325,,,0.0,0.0,0.001,6152978.75205,69536628.14866418,0.0009574271077563378,-0.00425,0.0006759032756991827,0.7537619699042408
2025-10-01,4.0,0.0045000000000000005,,,0.0,0.0,0.001,6152978.75205,69536628.14866418,0.0007071067811865476,-0.0022499999999999994,0.001035816907890734,0.7551299589603283
2025-10-02,4.0,0.0032500000000000003,,,0.0,0.0,0.001,6152978.75205,69536628.14866418,0.0011902380714238084,-0.001999999999999999,0.0010624124613825318,0.7564979480164159
2025-10-03,4.0,0.0032500000000000003,,,0.0,0.0,0.001,6152978.75205,69536628.14866418,0.0011902380714238084,4.336808689942018e-19,0.0010968705484265928,0.7578659370725034
2025-10-04,4.0,0.002875,,,0.0,0.0,0.001,6152978.75205,69536628.14866418,0.001436140661634507,-0.0016250000000000006,0.0010818442146480972,0.759233926128591
2025-10-05,4.0,0.002875,,,0.0,0.0,0.001,6152978.75205,69536628.14866418,0.001436140661634507,-0.00037500000000000033,0.0011083422842485422,0.7606019151846786
2025-10-06,4.0,0.00275,,,0.0,0.0,0.001,6152978.75205,69536628.14866418,0.0015,-0.0005000000000000004,0.0010318585866594349,0.761969904240766
2025-10-07,4.0,0.00275,,,0.0,0.0,0.001,6152978.75205,69536628.14866418,0.0015,-0.0001250000000000001,0.0007354744176742603,0.7633378932968536
2025-10-08,4.0,0.002625,,,0.0,0.0,0.001,6152978.75205,69536628.14866418,0.0016007810593582123,-0.0002499999999999998,0.0004531634835937348,0.7647058823529411
2025-10-09,4.0,0.002875,,,0.0,0.0,0.001,6152978.75205,69536628.14866418,0.0014930394055974099,0.0001250000000000001,0.00018898223651962385,0.7660738714090287
2025-10-10,4.0,0.00275,,,0.0,0.0,0.001,6152978.75205,69536628.14866418,0.0015545631755148027,0.0,0.0001889822365196223,0.7674418604651163
2025-10-11,4.0,0.002,,,0.0,0.0,0.001,6152978.75205,69536628.14866418,0.0021213203435596424,-0.0006250000000000001,0.0003061862178571578,0.7688098495212038
2025-10-12,4.0,0.003125,,,0.0,0.0,0.001,6152978.75205,69536628.14866418,0.0022500000000000003,0.0002500000000000002,0.0005669467095188469,0.7701778385772914
2025-10-13,4.0,0.0026249999999999997,,,0.0,0.0,0.001,6152978.75205,69536628.14866418,0.0019311050377094111,-0.0001250000000000001,0.0006013377943076732,0.7715458276333789
2025-10-14,4.0,0.002875,,,0.0,0.0,0.001,6152978.75205,69536628.14866418,0.002809952550014561,0.0008749999999999999,0.000609937545597486,0.7729138166894665
2025-10-15,4.0,0.002625,,,0.0,0.0,0.001,6152978.75205,69536628.14866418,0.0026575364531836627,-0.0005,0.0006166103577941328,0.774281805745554
2025-10-16,4.0,0.002375,,,0.0,0.0,0.001,6152978.75205,69536628.14866418,0.0025940637360455637,-0.0002499999999999998,0.0006117646217187009,0.7756497948016416
2025-10-17,4.0,0.0015,,,0.0,0.0,0.001,6152978.75205,69536628.14866418,0.0014142135623730952,-0.001375,0.000684109605536,0.7770177838577291
2025-10-18,4.0,0.0015,,,0.0,0.0,0.001,6152978.75205,69536628.14866418,0.0014142135623730952,-0.0011250000000000001,0.0006367934927326324,0.7783857729138167
2025-10-19,4.0,0.0015,,,0.0,0.0,0.001,6152978.75205,69536628.14866418,0.0014142135623730952,-0.0008749999999999999,0.0003710105248230526,0.7797537619699042
2025-10-20,4.0,0.0015,,,0.0,0.0,0.001,6152978.75205,69536628.14866418,0.0014142135623730952,0.0,0.00035877602776789285,0.7811217510259918
2025-10-21,4.0,0.002125,,,0.0,0.0,0.001,6152978.75205,69536628.14866418,0.0017017148213885112,0.0006250000000000001,0.00044737993867570886,0.7824897400820794
2025-10-22,4.0,0.002875,,,0.0,0.0,0.001,6152978.75205,69536628.14866418,0.0013768926368215254,0.001375,0.0005434950825606254,0.7838577291381669
2025-10-23,4.0,0.002875,,,0.0,0.0,0.001,6152978.75205,69536628.14866418,0.0012499999999999998,0.001375,0.0005296281265063533,0.7852257181942545
2025-10-24,4.0,0.0025,,,0.0,0.0,0.001,6152978.75205,69536628.14866418,0.00135400640077266,0.0003749999999999999,0.0003980981573215614,0.786593707250342
2025-10-25,4.0,0.002875,,,0.0,0.0,0.001,6152978.75205,69536628.14866418,0.0013768926368215254,0.0,0.00040089186287572276,0.7879616963064295
2025-10-26,4.0,0.002625,,,0.0,0.0,0.001,6152978.75205,69536628.14866418,0.0011086778913041726,-0.0002499999999999998,0.0004312909745955567,0.7893296853625171
2025-10-27,4.0,0.0025,,,0.0,0.0,0.001,6152978.75205,69536628.14866418,0.0012247448713915891,0.0,0.0004415206407362582,0.7906976744186046
2025-10-28,4.0,0.002125,,,0.0,0.0,0.001,6152978.75205,69536628.14866418,0.001600781059358212,-0.0007499999999999998,0.00042081270577182944,0.7920656634746922
2025-10-29,4.0,0.0025,,,0.0,0.0,0.001,6152978.75205,69536628.14866418,0.00135400640077266,-0.0001250000000000001,0.0003215938728478705,0.7934336525307797
2025-10-30,4.0,0.0025,,,0.0,0.0,0.001,6152978.75205,69536628.14866418,0.00135400640077266,0.0,0.0003215938728478705,0.7948016415868673
2025-10-31,4.0,0.002375,,,0.0,0.0,0.001,6152978.75205,69536628.14866418,0.0011086778913041726,0.0002499999999999998,0.00029251577085030923,0.7961696306429549
2025-11-01,4.0,0.009500000000000001,,,0.0,0.0,0.001,6152978.75205,69536628.14866418,0.005958187643906493,0.007000000000000001,0.0027346704772336517,0.7975376196990425
2025-11-02,4.0,0.00675,,,0.0,0.0,0.001,6152978.75205,69536628.14866418,0.0025,0.00425,0.00306076846093171,0.79890560875513
2025-11-03,4.0,0.005375,,,0.0,0.0,0.001,6152978.75205,69536628.14866418,0.0022126530078919585,0.0029999999999999996,0.0031446998115507935,0.8002735978112175
2025-11-04,4.0,0.0045000000000000005,,,0.0,0.0,0.001,6152978.75205,69536628.14866418,0.0015811388300841893,-0.005000000000000001,0.0031710887044411515,0.801641586867305
2025-11-05,4.0,0.00425,,,0.0,0.0,0.001,6152978.75205,69536628.14866418,0.0021794494717703367,-0.0024999999999999996,0.0031787051871276697,0.8030095759233926
2025-11-06,4.0,0.004,,,0.0,0.0,0.001,6152978.75205,69536628.14866418,0.002798809270624444,-0.0013749999999999995,0.003183383195820801,0.8043775649794802
2025-11-07,4.0,0.0045000000000000005,,,0.0,0.0,0.001,6152978.75205,69536628.14866418,0.002677063067368168,0.0,0.003181045051402653,0.8057455540355677
2025-11-08,4.0,0.004375,,,0.0,0.0,0.001,6152978.75205,69536628.14866418,0.0027801378862687127,0.0001250000000000001,0.0010690449676523403,0.8071135430916553
2025-11-09,4.0,0.004999999999999999,,,0.0,0.0,0.001,6152978.75205,69536628.14866418,0.0017320508075688774,0.0009999999999999992,0.0007071067811905533,0.8084815321477428
2025-11-10,4.0,0.004375,,,0.0,0.0,0.001,6152978.75205,69536628.14866418,0.0018874586088176873,-0.0001250000000000001,0.0005469068868306662,0.8098495212038304
2025-11-11,4.0,0.003,,,0.0,0.0,0.001,6152978.75205,69536628.14866418,0.002798809270624444,-0.0013750000000000004,0.0006759032756991968,0.811217510259918
2025-11-12,4.0,0.00275,,,0.0,0.0,0.001,6152978.75205,69536628.14866418,0.002598076211353316,-0.0022499999999999994,0.0006759032756991968,0.8125854993160054
2025-11-13,4.0,0.003125,,,0.0,0.0,0.001,6152978.75205,69536628.14866418,0.0022867371223353737,-0.0012500000000000002,0.000710780087888654,0.813953488372093
2025-11-14,4.0,0.003125,,,0.0,0.0,0.001,6152978.75205,69536628.14866418,0.0019311050377094113,0.0001250000000000001,0.0006608751412987322,0.8153214774281805
2025-11-15,4.0,0.003,,,0.0,0.0,0.001,6152978.75205,69536628.14866418,0.0023804761428476164,0.0002500000000000002,0.0006608751412987322,0.8166894664842681
2025-11-16,4.0,0.00325,,,0.0,0.0,0.001,6152978.75205,69536628.14866418,0.0014999999999999998,0.00012499999999999968,0.0005951190357166641,0.8180574555403557
2025-11-17,4.0,0.002375,,,0.0,0.0,0.001,6152978.75205,69536628.14866418,0.001436140661634507,-0.0007500000000000002,0.0006279691378570307,0.8194254445964433
2025-11-18,4.0,0.002,,,0.0,0.0,0.001,6152978.75205,69536628.14866418,0.0004082482904638631,-0.001,0.0004172614802049332,0.8207934336525308
2025-11-19,4.0,0.0025,,,0.0,0.0,0.001,6152978.75205,69536628.14866418,0.0016832508230603463,-0.0007499999999999998,0.00047715675771620793,0.8221614227086184
2025-11-20,4.0,0.003,,,0.0,0.0,0.001,6152978.75205,69536628.14866418,0.0013540064007726601,0.0006250000000000001,0.0004970148986997095,0.8235294117647058
2025-11-21,4.0,0.0025,,,0.0,0.0,0.001,6152978.75205,69536628.14866418,0.001414213562373095,0.0005,0.0005289252355178144,0.8248974008207934
2025-11-22,4.0,0.00275,,,0.0,0.0,0.001,6152978.75205,69536628.14866418,0.001190238071423808,0.0002499999999999998,0.0005434950825606219,0.826265389876881
2025-11-23,4.0,0.0034999999999999996,,,0.0,0.0,0.001,6152978.75205,69536628.14866418,0.0012247448713915887,0.0004999999999999996,0.0006154025008893877,0.8276333789329685
2025-11-24,4.0,0.00275,,,0.0,0.0,0.001,6152978.75205,69536628.14866418,0.0009574271077563382,0.0002499999999999998,0.0005856671003109426,0.8290013679890561
2025-11-25,4.0,0.002875,,,0.0,0.0,0.001,6152978.75205,69536628.14866418,0.0011086778913041726,0.0001250000000000001,0.0005543389456572075,0.8303693570451436
2025-11-26,4.0,0.0022500000000000003,,,0.0,0.0,0.001,6152978.75205,69536628.14866418,0.0009574271077563382,-0.0012499999999999994,0.0005894660618737185,0.8317373461012312
2025-11-27,4.0,0.0022500000000000003,,,0.0,0.0,0.001,6152978.75205,69536628.14866418,0.0009574271077563382,-0.0004999999999999996,0.0005421243487701687,0.8331053351573188
2025-11-28,4.0,0.002375,,,0.0,0.0,0.001,6152978.75205,69536628.14866418,0.0010307764064044153,-0.0005,0.0005175491695122463,0.8344733242134063
2025-11-29,4.0,0.0025,,,0.0,0.0,0.001,6152978.75205,69536628.14866418,0.0012247448713915891,0.0002499999999999998,0.0005088502446046812,0.8358413132694938
2025-11-30,4.0,0.0025,,,0.0,0.0,0.001,6152978.75205,69536628.14866418,0.0012247448713915891,0.0002499999999999998,0.00037796447301672654,0.8372093023255813
2025-12-01,4.0,0.0022500000000000003,,,0.0,0.0,0.001,6152978.75205,69536628.14866418,0.0009574271077563382,-0.00012499999999999968,0.00027817432014228726,0.8385772913816689
2025-12-02,12.0,0.004083333333333334,,,0.0,0.0,0.001,20709544.63391,165925496.83412606,0.003211013245162041,0.0015833333333333337,0.0007785568660390025,0.8399452804377565
2025-12-03,12.0,0.002125,,,0.0,0.0,0.001,20709544.63391,165925496.83412606,0.0012454462508018416,-0.0003749999999999999,0.0011020963669852448,0.8413132694938441
2025-12-04,12.0,0.002,,,0.0,0.0,0.001,20709544.63391,165925496.83412606,0.0011078234188139945,-0.0002500000000000002,0.0011027712806199526,0.8426812585499316
2025-12-05,12.0,0.0019166666666666666,,,0.0,0.0,0.001,20709544.63391,165925496.83412606,0.0010408329997330665,-0.0021666666666666674,0.0011005199588830054,0.8440492476060192
2025-12-06,12.0,0.0019166666666666666,,,0.0,0.0,0.001,20709544.63391,165925496.83412606,0.0010624442944398914,-0.0002083333333333336,0.001097925231889898,0.8454172366621067
2025-12-07,12.0,0.00225,,,0.0,0.0,0.001,20709544.63391,165925496.83412606,0.0014222261679238193,0.0002499999999999998,0.001109311538726954,0.8467852257181943
2025-12-08,12.0,0.0023333333333333335,,,0.0,0.0,0.001,20709544.63391,165925496.83412606,0.00180067327475704,0.00041666666666666696,0.0011057285299820461,0.8481532147742818
2025-12-09,12.0,0.0026666666666666666,,,0.0,0.0,0.001,20709544.63391,165925496.83412606,0.002886751345948129,0.00075,0.0007958328139317548,0.8495212038303693
2025-12-10,12.0,0.00225,,,0.0,0.0,0.001,20709544.63391,165925496.83412606,0.0018647446815241832,0.0,0.00026555447633179604,0.8508891928864569
2025-12-11,12.0,0.0025833333333333333,,,0.0,0.0,0.001,20709544.63391,165925496.83412606,0.0024572095531066917,0.0002499999999999998,0.0002805418038535085,0.8522571819425444
2025-12-12,12.0,0.0024166666666666664,,,0.0,0.0,0.001,20709544.63391,165925496.83412606,0.0024293034292807375,-0.0002500000000000002,0.00029038835519192767,0.853625170998632
2025-12-13,12.0,0.0023333333333333335,,,0.0,0.0,0.001,20709544.63391,165925496.83412606,0.0021672493389016632,8.33333333333337e-05,0.0002954684201522444,0.8549931600547196
2025-12-14,12.0,0.002375,,,0.0,0.0,0.001,20709544.63391,165925496.83412606,0.002024003683072466,-0.00020833333333333337,0.0002698777403096988,0.8563611491108071
2025-12-15,12.0,0.0023333333333333335,,,0.0,0.0,0.001,20709544.63391,165925496.83412606,0.001898963034411309,-8.333333333333283e-05,0.00026895717683050755,0.8577291381668947
2025-12-16,12.0,0.0022083333333333334,,,0.0,0.0,0.001,20709544.63391,165925496.83412606,0.0015441728196577274,-0.0001250000000000001,0.00022676410138650573,0.8590971272229821
2025-12-17,12.0,0.0022083333333333334,,,0.0,0.0,0.001,20709544.63391,165925496.83412606,0.0012515142343528813,-0.00016666666666666653,0.0001656716329151243,0.8604651162790697
2025-12-18,12.0,0.0021666666666666666,,,0.0,0.0,0.001,20709544.63391,165925496.83412606,0.0014354811251305465,-0.00016666666666666696,7.159372445496415e-05,0.8618331053351573
2025-12-19,12.0,0.0021666666666666666,,,0.0,0.0,0.001,20709544.63391,165925496.83412606,0.0014354811251305465,-4.166666666666685e-05,5.604939247848388e-05,0.8632010943912449
2025-12-20,12.0,0.0022083333333333334,,,0.0,0.0,0.001,20709544.63391,165925496.83412606,0.0013892171329292775,0.0,5.821984429920442e-05,0.8645690834473324
2025-12-21,12.0,0.0021666666666666666,,,0.0,0.0,0.001,20709544.63391,165925496.83412606,0.0014354811251305465,0.0,5.2231930931639456e-05,0.86593707250342
2025-12-22,12.0,0.0021666666666666666,,,0.0,0.0,0.001,20709544.63391,165925496.83412606,0.0014354811251305465,0.0,5.301741757686536e-05,0.8673050615595075
2025-12-23,12.0,0.0021666666666666666,,,0.0,0.0,0.001,20709544.63391,165925496.83412606,0.0014354811251305465,-4.166666666666685e-05,2.8752731737929156e-05,0.8686730506155951
2025-12-24,12.0,0.0022083333333333334,,,0.0,0.0,0.001,20709544.63391,165925496.83412606,0.0013892171329292775,4.166666666666685e-05,3.402069095537817e-05,0.8700410396716827
2025-12-25,12.0,0.0022083333333333334,,,0.0,0.0,0.001,20709544.63391,165925496.83412606,0.0013892171329292775,4.166666666666685e-05,2.8752731737936037e-05,0.8714090287277702
2025-12-26,12.0,0.0021666666666666666,,,0.0,0.0,0.001,20709544.63391,165925496.83412606,0.0014354811251305465,0.0,3.402069095537817e-05,0.8727770177838577
2025-12-27,12.0,0.0021666666666666666,,,0.0,0.0,0.001,20709544.63391,165925496.83412606,0.0013871706543329208,-4.166666666666685e-05,2.8752731737929156e-05,0.8741450068399452
2025-12-28,12.0,0.0021666666666666666,,,0.0,0.0,0.001,20709544.63391,165925496.83412606,0.0013706888336846835,-4.166666666666685e-05,2.405626133416498e-05,0.8755129958960328
2025-12-29,12.0,0.0020833333333333333,,,0.0,0.0,0.001,20709544.63391,165925496.83412606,0.001443375672974064,-8.333333333333326e-05,3.963290553871538e-05,0.8768809849521204
2025-12-30,12.0,0.0021249999999999997,,,0.0,0.0,0.001,20709544.63391,165925496.83412606,0.0014000811664783125,-4.166666666666685e-05,4.45435403824249e-05,0.8782489740082079
2025-12-31,12.0,0.0020833333333333333,,,0.0,0.0,0.001,20709544.63391,165925496.83412606,0.001443375672974064,-8.333333333333326e-05,4.066250310928344e-05,0.8796169630642955
2026-01-01,12.0,0.0021666666666666666,,,0.0,0.0,0.001,20709544.63391,165925496.83412606,0.0013706888336846835,8.333333333333326e-05,5.604939247849273e-05,0.8809849521203831
2026-01-02,12.0,0.0020833333333333333,,,0.0,0.0,0.001,20709544.63391,165925496.83412606,0.0011645001528813148,-4.1666666666666415e-05,6.233443684076672e-05,0.8823529411764706
2026-01-03,12.0,0.0020833333333333333,,,0.0,0.0,0.001,20709544.63391,165925496.83412606,0.0011645001528813148,0.0,6.233443684076672e-05,0.8837209302325582
2026-01-04,12.0,0.0020833333333333333,,,0.0,0.0,0.001,20709544.63391,165925496.83412606,0.0011645001528813148,-8.333333333333326e-05,6.233443684076672e-05,0.8850889192886457
2026-01-05,12.0,0.002,,,0.0,0.0,0.001,20709544.63391,165925496.83412606,0.0009999999999999998,-8.333333333333326e-05,6.233443684076672e-05,0.8864569083447332
2026-01-06,12.0,0.002,,,0.0,0.0,0.001,20709544.63391,165925496.83412606,0.0009999999999999998,-8.333333333333326e-05,5.821984429920434e-05,0.8878248974008208
2026-01-07,12.0,0.0019166666666666666,,,0.0,0.0,0.001,20709544.63391,165925496.83412606,0.0007929614610987591,-0.00016666666666666674,6.299407887990035e-05,0.8891928864569083
2026-01-08,12.0,0.0019166666666666666,,,0.0,0.0,0.001,20709544.63391,165925496.83412606,0.0007929614610987591,-8.333333333333348e-05,4.4543540382413814e-05,0.8905608755129959
2026-01-09,12.0,0.0019166666666666666,,,0.0,0.0,0.001,20709544.63391,165925496.83412606,0.0007929614610987591,-8.333333333333348e-05,4.0662503109281115e-05,0.8919288645690835
2026-01-10,12.0,0.002,,,0.0,0.0,0.001,20709544.63391,165925496.83412606,0.0007977240352174656,8.333333333333348e-05,5.750546332785999e-05,0.893296853625171
2026-01-11,12.0,0.002,,,0.0,0.0,0.001,20709544.63391,165925496.83412606,0.0007977240352174656,8.333333333333348e-05,5.750546332785999e-05,0.8946648426812586
2026-01-12,12.0,0.002041666666666667,,,0.0,0.0,0.001,20709544.63391,165925496.83412606,0.0007821396449755147,0.00012500000000000033,5.062440808053788e-05,0.896032831737346
2026-01-13,12.0,0.0019166666666666666,,,0.0,0.0,0.001,20709544.63391,165925496.83412606,0.0007929614610987591,-8.333333333333348e-05,7.1014008643809e-05,0.8974008207934336
2026-01-14,12.0,0.0019166666666666666,,,0.0,0.0,0.001,20709544.63391,165925496.83412606,0.0007929614610987591,-8.333333333333348e-05,6.364688469673813e-05,0.8987688098495212
2026-01-15,12.0,0.001958333333333333,,,0.0,0.0,0.001,20709544.63391,165925496.83412606,0.0007821396449755148,-8.33333333333337e-05,6.556631608239058e-05,0.9001367989056087
2026-01-16,12.0,0.0019166666666666666,,,0.0,0.0,0.001,20709544.63391,165925496.83412606,0.0007929614610987591,0.0,6.804138178567203e-05,0.9015047879616963
2026-01-17,12.0,0.0019166666666666666,,,0.0,0.0,0.001,20709544.63391,165925496.83412606,0.0007929614610987591,0.0,5.7505463327860066e-05,0.9028727770177839
2026-01-18,12.0,0.0020833333333333333,,,0.0,0.0,0.001,20709544.63391,165925496.83412606,0.0007929614610987591,0.0001250000000000001,8.9087080669322e-05,0.9042407660738714
2026-01-19,12.0,0.002125,,,0.0,0.0,0.001,20709544.63391,165925496.83412606,0.0007723929758166558,0.0002083333333333336,8.9087080669322e-05,0.905608755129959
2026-01-20,12.0,0.002166666666666667,,,0.0,0.0,0.001,20709544.63391,165925496.83412606,0.000778498944161523,0.00025000000000000044,6.5566316082398e-05,0.9069767441860466
2026-01-21,12.0,0.002166666666666667,,,0.0,0.0,0.001,20709544.63391,165925496.83412606,0.000778498944161523,8.33333333333337e-05,6.5566316082398e-05,0.908344733242134
2026-01-22,12.0,0.0022083333333333334,,,0.0,0.0,0.001,20709544.63391,165925496.83412606,0.0007525210155124432,8.333333333333326e-05,6.556631608239798e-05,0.9097127222982216
2026-01-23,12.0,0.0022083333333333334,,,0.0,0.0,0.001,20709544.63391,165925496.83412606,0.0007525210155124432,4.1666666666666415e-05,5.892556514703565e-05,0.9110807113543091
2026-01-24,12.0,0.0022083333333333334,,,0.0,0.0,0.001,20709544.63391,165925496.83412606,0.0007525210155124432,4.1666666666666415e-05,5.892556514703565e-05,0.9124487004103967
2026-01-25,12.0,0.0022083333333333334,,,0.0,0.0,0.001,20709544.63391,165925496.83412606,0.0007525210155124432,0.0,2.22717702867615e-05,0.9138166894664843
2026-01-26,12.0,0.002166666666666667,,,0.0,0.0,0.001,20709544.63391,165925496.83412606,0.000778498944161523,-4.1666666666666415e-05,2.875273173793582e-05,0.9151846785225718
2026-01-27,12.0,0.002166666666666667,,,0.0,0.0,0.001,20709544.63391,165925496.83412606,0.000778498944161523,-4.1666666666666415e-05,2.4056261334164722e-05,0.9165526675786594
2026-01-28,12.0,0.002166666666666667,,,0.0,0.0,0.001,20709544.63391,165925496.83412606,0.000778498944161523,-4.1666666666666415e-05,2.4056261334164722e-05,0.9179206566347469
2026-01-29,12.0,0.00225,,,0.0,0.0,0.001,20709544.63391,165925496.83412606,0.0009653072991634227,8.333333333333283e-05,3.748897552744531e-05,0.9192886456908345
2026-01-30,12.0,0.00225,,,0.0,0.0,0.001,20709544.63391,165925496.83412606,0.0009653072991634227,8.333333333333283e-05,3.748897552744531e-05,0.920656634746922
2026-01-31,12.0,0.00225,,,0.0,0.0,0.001,20709544.63391,165925496.83412606,0.0009653072991634227,8.333333333333283e-05,3.748897552744531e-05,0.9220246238030095
2026-02-01,12.0,0.002166666666666667,,,0.0,0.0,0.001,20709544.63391,165925496.83412606,0.0008876253645985944,-8.333333333333283e-05,5.062440808053355e-05,0.9233926128590971
2026-02-02,12.0,0.002166666666666667,,,0.0,0.0,0.001,20709544.63391,165925496.83412606,0.0008876253645985944,-8.333333333333283e-05,4.8112522491433755e-05,0.9247606019151847
2026-02-03,12.0,0.002166666666666667,,,0.0,0.0,0.001,20709544.63391,165925496.83412606,0.0008876253645985944,-8.333333333333283e-05,4.8112522491433755e-05,0.9261285909712722
2026-02-04,12.0,0.00225,,,0.0,0.0,0.001,20709544.63391,165925496.83412606,0.0008660254037844386,8.333333333333283e-05,5.750546332786646e-05,0.9274965800273598
2026-02-05,12.0,0.002166666666666667,,,0.0,0.0,0.001,20709544.63391,165925496.83412606,0.0008876253645985944,0.0,5.750546332785958e-05,0.9288645690834474
2026-02-06,12.0,0.0035416666666666665,,,0.0,0.0,0.001,20709544.63391,165925496.83412606,0.0038756719847444954,0.0013749999999999995,0.0005280648759699825,0.9302325581395349
2026-02-07,12.0,0.0027083333333333334,,,0.0,0.0,0.001,20709544.63391,165925496.83412606,0.001947706498952192,0.0004583333333333336,0.0006552217000345394,0.9316005471956225
2026-02-08,12.0,0.002458333333333333,,,0.0,0.0,0.001,20709544.63391,165925496.83412606,0.0013892171329292775,0.0002916666666666662,0.0006644929841101416,0.93296853625171
2026-02-09,12.0,0.002333333333333333,,,0.0,0.0,0.001,20709544.63391,165925496.83412606,0.0013371158468430428,-0.0012083333333333334,0.0006674722315571295,0.9343365253077975
2026-02-10,12.0,0.002333333333333333,,,0.0,0.0,0.001,20709544.63391,165925496.83412606,0.0013371158468430428,-0.00037500000000000033,0.0006674722315571295,0.9357045143638851
2026-02-11,11.0,0.0021363636363636363,,,0.0,0.0,0.001,18736553.03539,157598764.83631122,0.0012060453783110543,-0.0003219696969696969,0.0006717007275422011,0.9370725034199726
2026-02-12,12.0,0.002333333333333333,,,0.0,0.0,0.001,20709544.63391,165925496.83412606,0.0013371158468430428,0.0,0.0006753789446869693,0.9384404924760602
2026-02-13,12.0,0.002333333333333333,,,0.0,0.0,0.001,20709544.63391,165925496.83412606,0.0013371158468430428,0.0,0.0003270020943665787,0.9398084815321477
2026-02-14,12.0,0.002333333333333333,,,0.0,0.0,0.001,20709544.63391,165925496.83412606,0.0013371158468430428,0.00019696969696969676,0.00015034950247585133,0.9411764705882353
2026-02-15,12.0,0.0025,,,0.0,0.0,0.001,20709544.63391,165925496.83412606,0.0012792042981336624,0.00016666666666666696,0.00014186195460580428,0.9425444596443229
2026-02-16,9.0,0.0025,,,0.0,0.0,0.001,15537804.37541,126951476.59155129,0.001224744871391589,0.00016666666666666696,0.0001300023377304174,0.9439124487004104
2026-02-17,12.0,0.0025833333333333333,,,0.0,0.0,0.001,20709544.63391,165925496.83412606,0.0012401124093721454,0.0002500000000000002,0.00013126802979424097,0.945280437756498
2026-02-18,10.0,0.0025,,,0.0,0.0,0.001,16961263.64016,141904098.6618926,0.0011547005383792516,0.0,0.00010130278666508703,0.9466484268125855
2026-02-19,10.0,0.0026000000000000003,,,0.0,0.0,0.001,16961263.64016,141904098.6618926,0.0011005049346146118,0.00010000000000000026,8.317445174850697e-05,0.948016415868673
2026-02-20,11.0,0.002590909090909091,,,0.0,0.0,0.001,18736553.03539,157598764.83631122,0.001044465935734187,7.575757575757885e-06,8.393590360833394e-05,0.9493844049247606
2026-02-21,12.0,0.0028333333333333335,,,0.0,0.0,0.001,20709544.63391,165925496.83412606,0.0013706888336846837,0.0003333333333333335,0.00011165761574974509,0.9507523939808482
2026-02-22,12.0,0.002916666666666667,,,0.0,0.0,0.001,20709544.63391,165925496.83412606,0.0013113721705515066,0.0003166666666666665,0.00010399030724773423,0.9521203830369357
2026-02-23,12.0,0.0029583333333333336,,,0.0,0.0,0.001,20709544.63391,165925496.83412606,0.0014374588268148338,0.00036742424242424245,0.00010116956211121335,0.9534883720930233
2026-02-24,12.0,0.0030416666666666665,,,0.0,0.0,0.001,20709544.63391,165925496.83412606,0.0013727598832169073,0.00020833333333333294,0.00010116956211121334,0.9548563611491108
2026-02-25,12.0,0.0029166666666666664,,,0.0,0.0,0.001,20709544.63391,165925496.83412606,0.0013113721705515066,-4.336808689942018e-19,0.00011202720701949718,0.9562243502051984
2026-02-26,12.0,0.0029166666666666664,,,0.0,0.0,0.001,20709544.63391,165925496.83412606,0.0013113721705515066,-4.166666666666728e-05,0.00011238087111227551,0.957592339261286
2026-02-27,12.0,0.0029166666666666664,,,0.0,0.0,0.001,20709544.63391,165925496.83412606,0.0013113721705515066,-0.0001250000000000001,0.00011169885058023262,0.9589603283173734
2026-02-28,12.0,0.002916666666666667,,,0.0,0.0,0.001,20709544.63391,165925496.83412606,0.0016213537179739278,4.336808689942018e-19,7.101400864381493e-05,0.960328317373461
2026-03-01,7.0,0.002785714285714286,,,0.0,0.0,0.001,12854515.46555,83997157.80936071,0.0025634797778466235,-0.00013095238095238047,8.06270139046751e-05,0.9616963064295485
2026-03-02,10.0,0.00225,,,0.0,0.0,0.001,16961263.64016,141904098.6618926,0.002044640691064216,-0.0006666666666666665,0.00020616788432906895,0.9630642954856361
2026-03-03,11.0,0.0020909090909090908,,,0.0,0.0,0.001,18736553.03539,157598764.83631122,0.0019598237397554633,-0.000825757575757576,0.0001897098478650738,0.9644322845417237
2026-03-04,11.0,0.002045454545454545,,,0.0,0.0,0.001,18736553.03539,157598764.83631122,0.0018090680674665818,-0.0007402597402597407,0.00019282300825124,0.9658002735978112
2026-03-05,12.0,0.00225,,,0.0,0.0,0.001,20709544.63391,165925496.83412606,0.001602554778527654,0.0,0.00022725211204390185,0.9671682626538988
2026-03-06,12.0,0.00225,,,0.0,0.0,0.001,20709544.63391,165925496.83412606,0.001602554778527654,0.00015909090909090907,0.00022725211204390185,0.9685362517099864
2026-03-07,11.0,0.0021363636363636363,,,0.0,0.0,0.001,18736553.03539,157598764.83631122,0.0015015143870590964,9.090909090909115e-05,0.00022334002100796432,0.9699042407660738
2026-03-08,12.0,0.0023333333333333335,,,0.0,0.0,0.001,20709544.63391,165925496.83412606,0.001585922922197518,8.33333333333337e-05,0.00025122349045056386,0.9712722298221614
2026-03-09,12.0,0.0023333333333333335,,,0.0,0.0,0.001,20709544.63391,165925496.83412606,0.001585922922197518,8.33333333333337e-05,0.00014138192791152094,0.972640218878249
2026-03-10,12.0,0.0023333333333333335,,,0.0,0.0,0.001,20709544.63391,165925496.83412606,0.001585922922197518,0.0001969696969696972,0.00012056782228085431,0.9740082079343365
2026-03-11,12.0,0.002416666666666667,,,0.0,0.0,0.001,20709544.63391,165925496.83412606,0.0015642792899510293,8.333333333333326e-05,0.00011605177066158556,0.9753761969904241
2026-03-12,11.0,0.0021363636363636363,,,0.0,0.0,0.001,18736553.03539,157598764.83631122,0.0012060453783110543,-0.0001969696969696972,0.00015021083614786757,0.9767441860465116
2026-03-13,7.0,0.0025,,,0.0,0.0,0.001,12854515.46555,83997157.80936071,0.001414213562373095,0.00016666666666666653,0.00020837760255143134,0.9781121751025992
2026-03-14,10.0,0.0021999999999999997,,,0.0,0.0,0.001,16961263.64016,141904098.6618926,0.0012516655570345724,-0.0002166666666666671,0.00024012642064888447,0.9794801641586868
2026-03-15,7.0,0.0025,,,0.0,0.0,0.001,12854515.46555,83997157.80936071,0.001414213562373095,0.0003636363636363637,0.00025618267709650054,0.9808481532147743
2026-03-16,5.0,0.0019,,,0.0,0.0,0.001,9307352.22906,63305773.12188815,0.0005477225575051661,-0.0006000000000000001,0.0003490272772073885,0.9822161422708618
2026-03-17,12.0,0.0023333333333333335,,,0.0,0.0,0.001,20709544.63391,165925496.83412606,0.0011146408580454254,0.00013333333333333383,0.0003969725884768381,0.9835841313269493
2026-03-18,12.0,0.00225,,,0.0,0.0,0.001,20709544.63391,165925496.83412606,0.0011381803659589922,-0.0002500000000000002,0.000396138688265391,0.9849521203830369
2026-03-19,7.0,0.002357142857142857,,,0.0,0.0,0.001,12854515.46555,83997157.80936071,0.0010690449676496975,0.00045714285714285713,0.0003811101911969043,0.9863201094391245
2026-03-20,12.0,0.0023333333333333335,,,0.0,0.0,0.001,20709544.63391,165925496.83412606,0.0011146408580454254,0.0,0.00035185234913449594,0.987688098495212
2026-03-21,12.0,0.0023333333333333335,,,0.0,0.0,0.001,20709544.63391,165925496.83412606,0.0011146408580454254,8.33333333333337e-05,0.00033020928337882907,0.9890560875512996
2026-03-22,12.0,0.0023333333333333335,,,0.0,0.0,0.001,20709544.63391,165925496.83412606,0.0011146408580454254,-2.3809523809523604e-05,0.0003062679800296844,0.9904240766073872
2026-03-23,12.0,0.0023333333333333335,,,0.0,0.0,0.001,20709544.63391,165925496.83412606,0.0011146408580454254,0.0,0.00017317780395288012,0.9917920656634747
2026-03-24,12.0,0.0024166666666666664,,,0.0,0.0,0.001,20709544.63391,165925496.83412606,0.0013113721705515064,8.333333333333283e-05,6.447649531889244e-05,0.9931600547195623
2026-03-25,12.0,0.0023333333333333335,,,0.0,0.0,0.001,20709544.63391,165925496.83412606,0.0011146408580454254,0.0,6.447649531889224e-05,0.9945280437756499
2026-03-26,12.0,0.0024166666666666664,,,0.0,0.0,0.001,20709544.63391,165925496.83412606,0.0013113721705515064,8.333333333333283e-05,5.90113999558923e-05,0.9958960328317373
2026-03-27,12.0,0.0025,,,0.0,0.0,0.001,20709544.63391,165925496.83412606,0.0011281521496355324,8.33333333333337e-05,6.299407887991348e-05,0.9972640218878249
